,User,Date,Tweet Text,Tweets Ago,Positive,Negative,Neutral,Compound
0,BBC,Sun Dec 24 21:43:10 +0000 2017,"Toasters: sworn enemy of the pet cat. 

#Doodlebugs is now available on @BBCiPlayer: https://t.co/5Yg5NYbjiO https://t.co/wAi6tUDMvy",1,0.0,0.8,0.2,-0.5423
1,BBC,Sun Dec 24 20:03:04 +0000 2017,Will you struggle to nod off knowing that Santa's on his way? Here are 7 tips from the Tudors on how to have a good… https://t.co/aqJ1Kp5QlL,2,0.0,0.909,0.091,-0.3182
2,BBC,Sun Dec 24 19:33:04 +0000 2017,Leonardo DiCaprio and Carey Mulligan star in a lavish adaptation of F. Scott Fitzgerald's classic novel. The Great… https://t.co/P4OV4NIZ8b,3,0.119,0.881,0.0,0.3182
3,BBC,Sun Dec 24 19:03:04 +0000 2017,"Tonight, @BillBailey, @Seal and @AleshaOfficial join @McInTweet for a Christmas special stuffed full of festive fun… https://t.co/iIr1OmdyLK",4,0.378,0.622,0.0,0.7845
4,BBC,Sun Dec 24 18:57:04 +0000 2017,RT @BBCiPlayer: ?  Cuteness alert! @SukiandtheCity is loving #indianajones this Christmas Eve ? https://t.co/4njqy0GmB7 https://t.co/4neEWm…,5,0.492,0.508,0.0,0.8655
5,BBC,Sun Dec 24 18:33:04 +0000 2017,"'People love seeing the dogs - especially with towels on their heads.'

? This dog nativity photograph has gone vir… https://t.co/2ziF5VzkGo",6,0.189,0.811,0.0,0.6369
6,BBC,Sun Dec 24 18:21:06 +0000 2017,RT @BBC6Music: Some amazing suggestions of gigs that you would time travel to. Wonder which gig @maryannehobbs would hop in the Tardis to s…,7,0.142,0.858,0.0,0.5859
7,BBC,Sun Dec 24 18:18:37 +0000 2017,"RT @BBCOne: Amsterdam, 1686. Nella Oortman enters a world of tensions, secrets and mystery which soon threatens her future.

? #TheMiniatur…",8,0.0,0.762,0.238,-0.6486
8,BBC,Sun Dec 24 17:32:03 +0000 2017,"Tonight, there's a huge surprise in store for a Welsh community centre. Mary, Mel and Sue's Big Christmas Thank You… https://t.co/DYo5HnRgsk",9,0.301,0.699,0.0,0.7096
9,BBC,Sun Dec 24 16:48:03 +0000 2017,Not eating meat doesn't mean you have to miss out. These festive recipes will help you have a very merry vegmas. ??… https://t.co/yilTnDYG4n,10,0.326,0.619,0.055,0.8357
10,BBC,Sun Dec 24 16:29:50 +0000 2017,RT @bbcthree: Is social media ruining your relationship? https://t.co/0PJZiC8s5g,11,0.0,0.8,0.2,-0.25
11,BBC,Sun Dec 24 16:26:49 +0000 2017,"RT @BBCOne: Lights, camera, action! Films for the family this Christmas on @BBCOne. ? https://t.co/ldUi0Bnhn7",12,0.0,1.0,0.0,0.0
12,BBC,Sun Dec 24 16:00:01 +0000 2017,"The struggle is real. ??

Via @BBCTheSocial https://t.co/YrfHSW7Bwu",13,0.0,0.753,0.247,-0.3182
13,BBC,Sun Dec 24 15:00:08 +0000 2017,? Are real or fake Christmas trees better for the environment? ??https://t.co/8JZoL7ZzDa https://t.co/dEoYVZp4j9,14,0.181,0.625,0.194,-0.0516
14,BBC,Sun Dec 24 14:30:09 +0000 2017,?? 7 huge songs that only made it to No.2 in the Christmas chart.  https://t.co/KSJzX0Hl8r https://t.co/YiAA6ZW5BO,15,0.141,0.859,0.0,0.3182
15,BBC,Sun Dec 24 14:00:05 +0000 2017,Worried about over-indulging this Christmas? These recipes offer healthy alternatives to your favourite festive foo… https://t.co/nN6f3sltbj,16,0.273,0.622,0.105,0.5423
16,BBC,Sun Dec 24 13:30:02 +0000 2017,"Doodlebugs. Where a clip show meets a sketch show and draws a funny face on it. ?

#DoodleBugs | @BBCOne |… https://t.co/5JpRtJ3zX4",17,0.153,0.847,0.0,0.4404
17,BBC,Sun Dec 24 12:35:04 +0000 2017,How much do you know about Britain's favourite cheese? This Cheddar quiz is not as cheesy as you might think. ?… https://t.co/PFYJ2VVjn3,18,0.0,1.0,0.0,0.0
18,BBC,Sun Dec 24 12:02:43 +0000 2017,"RT @bbccomedy: What's the worst Christmas present you've ever received? We went around BBC Towers asking some famous faces theirs! 

PS: Do…",19,0.0,0.827,0.173,-0.6588
19,BBC,Sun Dec 24 12:02:29 +0000 2017,"RT @BBCR1: SO ? MANY ? GOOSEBUMPS ?

Watch @SamSmithWorld's stunning Live Lounge back in full ? https://t.co/Hqu3GMbdkq https://t.co/YyQdPe…",20,0.157,0.843,0.0,0.3818
20,BBC,Sun Dec 24 21:43:10 +0000 2017,"Toasters: sworn enemy of the pet cat. 

#Doodlebugs is now available on @BBCiPlayer: https://t.co/5Yg5NYbjiO https://t.co/wAi6tUDMvy",21,0.0,0.8,0.2,-0.5423
21,BBC,Sun Dec 24 20:03:04 +0000 2017,Will you struggle to nod off knowing that Santa's on his way? Here are 7 tips from the Tudors on how to have a good… https://t.co/aqJ1Kp5QlL,22,0.0,0.909,0.091,-0.3182
22,BBC,Sun Dec 24 19:33:04 +0000 2017,Leonardo DiCaprio and Carey Mulligan star in a lavish adaptation of F. Scott Fitzgerald's classic novel. The Great… https://t.co/P4OV4NIZ8b,23,0.119,0.881,0.0,0.3182
23,BBC,Sun Dec 24 19:03:04 +0000 2017,"Tonight, @BillBailey, @Seal and @AleshaOfficial join @McInTweet for a Christmas special stuffed full of festive fun… https://t.co/iIr1OmdyLK",24,0.378,0.622,0.0,0.7845
24,BBC,Sun Dec 24 18:57:04 +0000 2017,RT @BBCiPlayer: ?  Cuteness alert! @SukiandtheCity is loving #indianajones this Christmas Eve ? https://t.co/4njqy0GmB7 https://t.co/4neEWm…,25,0.492,0.508,0.0,0.8655
25,BBC,Sun Dec 24 18:33:04 +0000 2017,"'People love seeing the dogs - especially with towels on their heads.'

? This dog nativity photograph has gone vir… https://t.co/2ziF5VzkGo",26,0.189,0.811,0.0,0.6369
26,BBC,Sun Dec 24 18:21:06 +0000 2017,RT @BBC6Music: Some amazing suggestions of gigs that you would time travel to. Wonder which gig @maryannehobbs would hop in the Tardis to s…,27,0.142,0.858,0.0,0.5859
27,BBC,Sun Dec 24 18:18:37 +0000 2017,"RT @BBCOne: Amsterdam, 1686. Nella Oortman enters a world of tensions, secrets and mystery which soon threatens her future.

? #TheMiniatur…",28,0.0,0.762,0.238,-0.6486
28,BBC,Sun Dec 24 17:32:03 +0000 2017,"Tonight, there's a huge surprise in store for a Welsh community centre. Mary, Mel and Sue's Big Christmas Thank You… https://t.co/DYo5HnRgsk",29,0.301,0.699,0.0,0.7096
29,BBC,Sun Dec 24 16:48:03 +0000 2017,Not eating meat doesn't mean you have to miss out. These festive recipes will help you have a very merry vegmas. ??… https://t.co/yilTnDYG4n,30,0.326,0.619,0.055,0.8357
30,BBC,Sun Dec 24 16:29:50 +0000 2017,RT @bbcthree: Is social media ruining your relationship? https://t.co/0PJZiC8s5g,31,0.0,0.8,0.2,-0.25
31,BBC,Sun Dec 24 16:26:49 +0000 2017,"RT @BBCOne: Lights, camera, action! Films for the family this Christmas on @BBCOne. ? https://t.co/ldUi0Bnhn7",32,0.0,1.0,0.0,0.0
32,BBC,Sun Dec 24 16:00:01 +0000 2017,"The struggle is real. ??

Via @BBCTheSocial https://t.co/YrfHSW7Bwu",33,0.0,0.753,0.247,-0.3182
33,BBC,Sun Dec 24 15:00:08 +0000 2017,? Are real or fake Christmas trees better for the environment? ??https://t.co/8JZoL7ZzDa https://t.co/dEoYVZp4j9,34,0.181,0.625,0.194,-0.0516
34,BBC,Sun Dec 24 14:30:09 +0000 2017,?? 7 huge songs that only made it to No.2 in the Christmas chart.  https://t.co/KSJzX0Hl8r https://t.co/YiAA6ZW5BO,35,0.141,0.859,0.0,0.3182
35,BBC,Sun Dec 24 14:00:05 +0000 2017,Worried about over-indulging this Christmas? These recipes offer healthy alternatives to your favourite festive foo… https://t.co/nN6f3sltbj,36,0.273,0.622,0.105,0.5423
36,BBC,Sun Dec 24 13:30:02 +0000 2017,"Doodlebugs. Where a clip show meets a sketch show and draws a funny face on it. ?

#DoodleBugs | @BBCOne |… https://t.co/5JpRtJ3zX4",37,0.153,0.847,0.0,0.4404
37,BBC,Sun Dec 24 12:35:04 +0000 2017,How much do you know about Britain's favourite cheese? This Cheddar quiz is not as cheesy as you might think. ?… https://t.co/PFYJ2VVjn3,38,0.0,1.0,0.0,0.0
38,BBC,Sun Dec 24 12:02:43 +0000 2017,"RT @bbccomedy: What's the worst Christmas present you've ever received? We went around BBC Towers asking some famous faces theirs! 

PS: Do…",39,0.0,0.827,0.173,-0.6588
39,BBC,Sun Dec 24 12:02:29 +0000 2017,"RT @BBCR1: SO ? MANY ? GOOSEBUMPS ?

Watch @SamSmithWorld's stunning Live Lounge back in full ? https://t.co/Hqu3GMbdkq https://t.co/YyQdPe…",40,0.157,0.843,0.0,0.3818
40,BBC,Sun Dec 24 21:43:10 +0000 2017,"Toasters: sworn enemy of the pet cat. 

#Doodlebugs is now available on @BBCiPlayer: https://t.co/5Yg5NYbjiO https://t.co/wAi6tUDMvy",41,0.0,0.8,0.2,-0.5423
41,BBC,Sun Dec 24 20:03:04 +0000 2017,Will you struggle to nod off knowing that Santa's on his way? Here are 7 tips from the Tudors on how to have a good… https://t.co/aqJ1Kp5QlL,42,0.0,0.909,0.091,-0.3182
42,BBC,Sun Dec 24 19:33:04 +0000 2017,Leonardo DiCaprio and Carey Mulligan star in a lavish adaptation of F. Scott Fitzgerald's classic novel. The Great… https://t.co/P4OV4NIZ8b,43,0.119,0.881,0.0,0.3182
43,BBC,Sun Dec 24 19:03:04 +0000 2017,"Tonight, @BillBailey, @Seal and @AleshaOfficial join @McInTweet for a Christmas special stuffed full of festive fun… https://t.co/iIr1OmdyLK",44,0.378,0.622,0.0,0.7845
44,BBC,Sun Dec 24 18:57:04 +0000 2017,RT @BBCiPlayer: ?  Cuteness alert! @SukiandtheCity is loving #indianajones this Christmas Eve ? https://t.co/4njqy0GmB7 https://t.co/4neEWm…,45,0.492,0.508,0.0,0.8655
45,BBC,Sun Dec 24 18:33:04 +0000 2017,"'People love seeing the dogs - especially with towels on their heads.'

? This dog nativity photograph has gone vir… https://t.co/2ziF5VzkGo",46,0.189,0.811,0.0,0.6369
46,BBC,Sun Dec 24 18:21:06 +0000 2017,RT @BBC6Music: Some amazing suggestions of gigs that you would time travel to. Wonder which gig @maryannehobbs would hop in the Tardis to s…,47,0.142,0.858,0.0,0.5859
47,BBC,Sun Dec 24 18:18:37 +0000 2017,"RT @BBCOne: Amsterdam, 1686. Nella Oortman enters a world of tensions, secrets and mystery which soon threatens her future.

? #TheMiniatur…",48,0.0,0.762,0.238,-0.6486
48,BBC,Sun Dec 24 17:32:03 +0000 2017,"Tonight, there's a huge surprise in store for a Welsh community centre. Mary, Mel and Sue's Big Christmas Thank You… https://t.co/DYo5HnRgsk",49,0.301,0.699,0.0,0.7096
49,BBC,Sun Dec 24 16:48:03 +0000 2017,Not eating meat doesn't mean you have to miss out. These festive recipes will help you have a very merry vegmas. ??… https://t.co/yilTnDYG4n,50,0.326,0.619,0.055,0.8357
50,BBC,Sun Dec 24 16:29:50 +0000 2017,RT @bbcthree: Is social media ruining your relationship? https://t.co/0PJZiC8s5g,51,0.0,0.8,0.2,-0.25
51,BBC,Sun Dec 24 16:26:49 +0000 2017,"RT @BBCOne: Lights, camera, action! Films for the family this Christmas on @BBCOne. ? https://t.co/ldUi0Bnhn7",52,0.0,1.0,0.0,0.0
52,BBC,Sun Dec 24 16:00:01 +0000 2017,"The struggle is real. ??

Via @BBCTheSocial https://t.co/YrfHSW7Bwu",53,0.0,0.753,0.247,-0.3182
53,BBC,Sun Dec 24 15:00:08 +0000 2017,? Are real or fake Christmas trees better for the environment? ??https://t.co/8JZoL7ZzDa https://t.co/dEoYVZp4j9,54,0.181,0.625,0.194,-0.0516
54,BBC,Sun Dec 24 14:30:09 +0000 2017,?? 7 huge songs that only made it to No.2 in the Christmas chart.  https://t.co/KSJzX0Hl8r https://t.co/YiAA6ZW5BO,55,0.141,0.859,0.0,0.3182
55,BBC,Sun Dec 24 14:00:05 +0000 2017,Worried about over-indulging this Christmas? These recipes offer healthy alternatives to your favourite festive foo… https://t.co/nN6f3sltbj,56,0.273,0.622,0.105,0.5423
56,BBC,Sun Dec 24 13:30:02 +0000 2017,"Doodlebugs. Where a clip show meets a sketch show and draws a funny face on it. ?

#DoodleBugs | @BBCOne |… https://t.co/5JpRtJ3zX4",57,0.153,0.847,0.0,0.4404
57,BBC,Sun Dec 24 12:35:04 +0000 2017,How much do you know about Britain's favourite cheese? This Cheddar quiz is not as cheesy as you might think. ?… https://t.co/PFYJ2VVjn3,58,0.0,1.0,0.0,0.0
58,BBC,Sun Dec 24 12:02:43 +0000 2017,"RT @bbccomedy: What's the worst Christmas present you've ever received? We went around BBC Towers asking some famous faces theirs! 

PS: Do…",59,0.0,0.827,0.173,-0.6588
59,BBC,Sun Dec 24 12:02:29 +0000 2017,"RT @BBCR1: SO ? MANY ? GOOSEBUMPS ?

Watch @SamSmithWorld's stunning Live Lounge back in full ? https://t.co/Hqu3GMbdkq https://t.co/YyQdPe…",60,0.157,0.843,0.0,0.3818
60,BBC,Sun Dec 24 21:43:10 +0000 2017,"Toasters: sworn enemy of the pet cat. 

#Doodlebugs is now available on @BBCiPlayer: https://t.co/5Yg5NYbjiO https://t.co/wAi6tUDMvy",61,0.0,0.8,0.2,-0.5423
61,BBC,Sun Dec 24 20:03:04 +0000 2017,Will you struggle to nod off knowing that Santa's on his way? Here are 7 tips from the Tudors on how to have a good… https://t.co/aqJ1Kp5QlL,62,0.0,0.909,0.091,-0.3182
62,BBC,Sun Dec 24 19:33:04 +0000 2017,Leonardo DiCaprio and Carey Mulligan star in a lavish adaptation of F. Scott Fitzgerald's classic novel. The Great… https://t.co/P4OV4NIZ8b,63,0.119,0.881,0.0,0.3182
63,BBC,Sun Dec 24 19:03:04 +0000 2017,"Tonight, @BillBailey, @Seal and @AleshaOfficial join @McInTweet for a Christmas special stuffed full of festive fun… https://t.co/iIr1OmdyLK",64,0.378,0.622,0.0,0.7845
64,BBC,Sun Dec 24 18:57:04 +0000 2017,RT @BBCiPlayer: ?  Cuteness alert! @SukiandtheCity is loving #indianajones this Christmas Eve ? https://t.co/4njqy0GmB7 https://t.co/4neEWm…,65,0.492,0.508,0.0,0.8655
65,BBC,Sun Dec 24 18:33:04 +0000 2017,"'People love seeing the dogs - especially with towels on their heads.'

? This dog nativity photograph has gone vir… https://t.co/2ziF5VzkGo",66,0.189,0.811,0.0,0.6369
66,BBC,Sun Dec 24 18:21:06 +0000 2017,RT @BBC6Music: Some amazing suggestions of gigs that you would time travel to. Wonder which gig @maryannehobbs would hop in the Tardis to s…,67,0.142,0.858,0.0,0.5859
67,BBC,Sun Dec 24 18:18:37 +0000 2017,"RT @BBCOne: Amsterdam, 1686. Nella Oortman enters a world of tensions, secrets and mystery which soon threatens her future.

? #TheMiniatur…",68,0.0,0.762,0.238,-0.6486
68,BBC,Sun Dec 24 17:32:03 +0000 2017,"Tonight, there's a huge surprise in store for a Welsh community centre. Mary, Mel and Sue's Big Christmas Thank You… https://t.co/DYo5HnRgsk",69,0.301,0.699,0.0,0.7096
69,BBC,Sun Dec 24 16:48:03 +0000 2017,Not eating meat doesn't mean you have to miss out. These festive recipes will help you have a very merry vegmas. ??… https://t.co/yilTnDYG4n,70,0.326,0.619,0.055,0.8357
70,BBC,Sun Dec 24 16:29:50 +0000 2017,RT @bbcthree: Is social media ruining your relationship? https://t.co/0PJZiC8s5g,71,0.0,0.8,0.2,-0.25
71,BBC,Sun Dec 24 16:26:49 +0000 2017,"RT @BBCOne: Lights, camera, action! Films for the family this Christmas on @BBCOne. ? https://t.co/ldUi0Bnhn7",72,0.0,1.0,0.0,0.0
72,BBC,Sun Dec 24 16:00:01 +0000 2017,"The struggle is real. ??

Via @BBCTheSocial https://t.co/YrfHSW7Bwu",73,0.0,0.753,0.247,-0.3182
73,BBC,Sun Dec 24 15:00:08 +0000 2017,? Are real or fake Christmas trees better for the environment? ??https://t.co/8JZoL7ZzDa https://t.co/dEoYVZp4j9,74,0.181,0.625,0.194,-0.0516
74,BBC,Sun Dec 24 14:30:09 +0000 2017,?? 7 huge songs that only made it to No.2 in the Christmas chart.  https://t.co/KSJzX0Hl8r https://t.co/YiAA6ZW5BO,75,0.141,0.859,0.0,0.3182
75,BBC,Sun Dec 24 14:00:05 +0000 2017,Worried about over-indulging this Christmas? These recipes offer healthy alternatives to your favourite festive foo… https://t.co/nN6f3sltbj,76,0.273,0.622,0.105,0.5423
76,BBC,Sun Dec 24 13:30:02 +0000 2017,"Doodlebugs. Where a clip show meets a sketch show and draws a funny face on it. ?

#DoodleBugs | @BBCOne |… https://t.co/5JpRtJ3zX4",77,0.153,0.847,0.0,0.4404
77,BBC,Sun Dec 24 12:35:04 +0000 2017,How much do you know about Britain's favourite cheese? This Cheddar quiz is not as cheesy as you might think. ?… https://t.co/PFYJ2VVjn3,78,0.0,1.0,0.0,0.0
78,BBC,Sun Dec 24 12:02:43 +0000 2017,"RT @bbccomedy: What's the worst Christmas present you've ever received? We went around BBC Towers asking some famous faces theirs! 

PS: Do…",79,0.0,0.827,0.173,-0.6588
79,BBC,Sun Dec 24 12:02:29 +0000 2017,"RT @BBCR1: SO ? MANY ? GOOSEBUMPS ?

Watch @SamSmithWorld's stunning Live Lounge back in full ? https://t.co/Hqu3GMbdkq https://t.co/YyQdPe…",80,0.157,0.843,0.0,0.3818
80,BBC,Sun Dec 24 21:43:10 +0000 2017,"Toasters: sworn enemy of the pet cat. 

#Doodlebugs is now available on @BBCiPlayer: https://t.co/5Yg5NYbjiO https://t.co/wAi6tUDMvy",81,0.0,0.8,0.2,-0.5423
81,BBC,Sun Dec 24 20:03:04 +0000 2017,Will you struggle to nod off knowing that Santa's on his way? Here are 7 tips from the Tudors on how to have a good… https://t.co/aqJ1Kp5QlL,82,0.0,0.909,0.091,-0.3182
82,BBC,Sun Dec 24 19:33:04 +0000 2017,Leonardo DiCaprio and Carey Mulligan star in a lavish adaptation of F. Scott Fitzgerald's classic novel. The Great… https://t.co/P4OV4NIZ8b,83,0.119,0.881,0.0,0.3182
83,BBC,Sun Dec 24 19:03:04 +0000 2017,"Tonight, @BillBailey, @Seal and @AleshaOfficial join @McInTweet for a Christmas special stuffed full of festive fun… https://t.co/iIr1OmdyLK",84,0.378,0.622,0.0,0.7845
84,BBC,Sun Dec 24 18:57:04 +0000 2017,RT @BBCiPlayer: ?  Cuteness alert! @SukiandtheCity is loving #indianajones this Christmas Eve ? https://t.co/4njqy0GmB7 https://t.co/4neEWm…,85,0.492,0.508,0.0,0.8655
85,BBC,Sun Dec 24 18:33:04 +0000 2017,"'People love seeing the dogs - especially with towels on their heads.'

? This dog nativity photograph has gone vir… https://t.co/2ziF5VzkGo",86,0.189,0.811,0.0,0.6369
86,BBC,Sun Dec 24 18:21:06 +0000 2017,RT @BBC6Music: Some amazing suggestions of gigs that you would time travel to. Wonder which gig @maryannehobbs would hop in the Tardis to s…,87,0.142,0.858,0.0,0.5859
87,BBC,Sun Dec 24 18:18:37 +0000 2017,"RT @BBCOne: Amsterdam, 1686. Nella Oortman enters a world of tensions, secrets and mystery which soon threatens her future.

? #TheMiniatur…",88,0.0,0.762,0.238,-0.6486
88,BBC,Sun Dec 24 17:32:03 +0000 2017,"Tonight, there's a huge surprise in store for a Welsh community centre. Mary, Mel and Sue's Big Christmas Thank You… https://t.co/DYo5HnRgsk",89,0.301,0.699,0.0,0.7096
89,BBC,Sun Dec 24 16:48:03 +0000 2017,Not eating meat doesn't mean you have to miss out. These festive recipes will help you have a very merry vegmas. ??… https://t.co/yilTnDYG4n,90,0.326,0.619,0.055,0.8357
90,BBC,Sun Dec 24 16:29:50 +0000 2017,RT @bbcthree: Is social media ruining your relationship? https://t.co/0PJZiC8s5g,91,0.0,0.8,0.2,-0.25
91,BBC,Sun Dec 24 16:26:49 +0000 2017,"RT @BBCOne: Lights, camera, action! Films for the family this Christmas on @BBCOne. ? https://t.co/ldUi0Bnhn7",92,0.0,1.0,0.0,0.0
92,BBC,Sun Dec 24 16:00:01 +0000 2017,"The struggle is real. ??

Via @BBCTheSocial https://t.co/YrfHSW7Bwu",93,0.0,0.753,0.247,-0.3182
93,BBC,Sun Dec 24 15:00:08 +0000 2017,? Are real or fake Christmas trees better for the environment? ??https://t.co/8JZoL7ZzDa https://t.co/dEoYVZp4j9,94,0.181,0.625,0.194,-0.0516
94,BBC,Sun Dec 24 14:30:09 +0000 2017,?? 7 huge songs that only made it to No.2 in the Christmas chart.  https://t.co/KSJzX0Hl8r https://t.co/YiAA6ZW5BO,95,0.141,0.859,0.0,0.3182
95,BBC,Sun Dec 24 14:00:05 +0000 2017,Worried about over-indulging this Christmas? These recipes offer healthy alternatives to your favourite festive foo… https://t.co/nN6f3sltbj,96,0.273,0.622,0.105,0.5423
96,BBC,Sun Dec 24 13:30:02 +0000 2017,"Doodlebugs. Where a clip show meets a sketch show and draws a funny face on it. ?

#DoodleBugs | @BBCOne |… https://t.co/5JpRtJ3zX4",97,0.153,0.847,0.0,0.4404
97,BBC,Sun Dec 24 12:35:04 +0000 2017,How much do you know about Britain's favourite cheese? This Cheddar quiz is not as cheesy as you might think. ?… https://t.co/PFYJ2VVjn3,98,0.0,1.0,0.0,0.0
98,BBC,Sun Dec 24 12:02:43 +0000 2017,"RT @bbccomedy: What's the worst Christmas present you've ever received? We went around BBC Towers asking some famous faces theirs! 

PS: Do…",99,0.0,0.827,0.173,-0.6588
99,BBC,Sun Dec 24 12:02:29 +0000 2017,"RT @BBCR1: SO ? MANY ? GOOSEBUMPS ?

Watch @SamSmithWorld's stunning Live Lounge back in full ? https://t.co/Hqu3GMbdkq https://t.co/YyQdPe…",100,0.157,0.843,0.0,0.3818
100,CBS,Sun Dec 24 20:40:42 +0000 2017,"Tonight, get together and enjoy Christmas Eve with a two-hour marathon of your favorite classic sitcoms! Watch The… https://t.co/SCv8TJy9Yp",1,0.289,0.711,0.0,0.7574
101,CBS,Sun Dec 24 14:17:43 +0000 2017,Get ready for football! Stream NFL on CBS today with #CBSAllAccess. Try 1 month FREE with promo code BINGE! (Not av… https://t.co/6mR4bRR5Ey,2,0.273,0.727,0.0,0.7974
102,CBS,Sun Dec 24 12:30:02 +0000 2017,"All In The Family star @RobReiner gives props to legendary television writer, producer and 2017 Kennedy Center Hono… https://t.co/98jc5i63zE",3,0.0,1.0,0.0,0.0
103,CBS,Sat Dec 23 16:21:17 +0000 2017,"Rapper @BustaRhymes pays tribute to @LLCoolJ, performing his hit song ""Mama Said Knock You Out"" at The 40th Annual… https://t.co/CRjQArUqwd",4,0.0,1.0,0.0,0.0
104,CBS,Sat Dec 23 15:00:02 +0000 2017,"Oh, what fun it is to stream! Start a 1-month FREE trial of #CBSAllAccess now. Use promo code BINGE by 1/2:… https://t.co/rSAnDJDgbI",5,0.286,0.714,0.0,0.8236
105,CBS,Sat Dec 23 12:37:04 +0000 2017,CBS stars are glowing with holiday spirit! See how the stars are getting festive this season:… https://t.co/7qYTHoxFIc,6,0.355,0.645,0.0,0.7712
106,CBS,Sat Dec 23 07:24:44 +0000 2017,Spread some holiday cheer and laugh along with Dick Van Dyke and Mary Tyler Moore in two back-to-back episodes of T… https://t.co/N89JoYvXZW,7,0.311,0.583,0.107,0.743
107,CBS,Sat Dec 23 06:39:45 +0000 2017,Come home for the holidays with Lucy and Ricky in the I Love Lucy Christmas Special! Stream the full show:… https://t.co/s7f9mjEtER,8,0.365,0.635,0.0,0.8687
108,CBS,Sat Dec 23 01:38:37 +0000 2017,"Tonight at 9/8c, gather the family for two hilarious episodes of this classic sitcom in The Dick Van Dyke Show- Now… https://t.co/YcyECVr2NN",9,0.104,0.769,0.127,-0.1531
109,CBS,Sat Dec 23 00:39:52 +0000 2017,Get ready to laugh in the holidays tonight with Lucy and the gang in the I Love Lucy Christmas Special at 8/7c! Str… https://t.co/txU2TwXWOg,10,0.469,0.531,0.0,0.9422
110,CBS,Fri Dec 22 19:35:35 +0000 2017,"Tonight, ring in the holidays with two back-to-back episodes of a timeless comedy classic, now in color! Watch the… https://t.co/skJsgJdQel",11,0.241,0.759,0.0,0.6588
111,CBS,Fri Dec 22 18:03:20 +0000 2017,"Groundbreaking, daring, fearless. This is CBS All Access Originals. 

Sign up now to watch @StarTrekCBS,… https://t.co/kvPsJafYrN",12,0.278,0.722,0.0,0.6597
112,CBS,Fri Dec 22 14:04:52 +0000 2017,2017 Honoree @LLCoolJ is the first hip-hop artist recognized at the #KCHonors! Learn more about the @NCISLA star's… https://t.co/eK91KdBNpG,13,0.159,0.841,0.0,0.5255
113,CBS,Thu Dec 21 12:04:04 +0000 2017,"She's at it again! Tomorrow, relive Lucy's hilarious antics during the I Love Lucy Christmas Special at 8/7c on CBS… https://t.co/g01UGGLEDk",14,0.368,0.632,0.0,0.8718
114,CBS,Thu Dec 21 01:04:27 +0000 2017,"RT @survivorcbs: 6 heroes, 6 healers, 6 hustlers, but only 1 sole #Survivor. Ready to find out who it is? Tune in to the #SurvivorFinale no…",15,0.213,0.787,0.0,0.6597
115,CBS,Wed Dec 20 23:00:04 +0000 2017,Watch @kelly_clarkson deliver a moving performance of 'Christmas Eve' during A Home for the Holidays with… https://t.co/TAcstl7VYh,16,0.157,0.843,0.0,0.3818
116,CBS,Wed Dec 20 21:08:10 +0000 2017,"In two days, celebrate the holidays with the gang with two back-to-back episodes of the classic sitcom during the I… https://t.co/FRr8jX7MXZ",17,0.249,0.751,0.0,0.743
117,CBS,Wed Dec 20 20:10:15 +0000 2017,2017 Honoree @LLCoolJ salutes James Brown for paving the way for artists like himself. Don't miss The 40th Annual K… https://t.co/310Wfk7EoW,18,0.281,0.719,0.0,0.7222
118,CBS,Wed Dec 20 19:31:47 +0000 2017,Singer-songwriter @JoshGroban delivers a powerhouse performance while raising awareness of adoption through foster… https://t.co/FiQKJdx7Ty,19,0.0,1.0,0.0,0.0
119,CBS,Wed Dec 20 15:30:01 +0000 2017,Do you know all the nominees for Album Of The Year? Get familiar with this year's GRAMMY®  Award nominees ahead of… https://t.co/GYnxLT3n4p,20,0.143,0.857,0.0,0.5423
120,CBS,Sun Dec 24 20:40:42 +0000 2017,"Tonight, get together and enjoy Christmas Eve with a two-hour marathon of your favorite classic sitcoms! Watch The… https://t.co/SCv8TJy9Yp",21,0.289,0.711,0.0,0.7574
121,CBS,Sun Dec 24 14:17:43 +0000 2017,Get ready for football! Stream NFL on CBS today with #CBSAllAccess. Try 1 month FREE with promo code BINGE! (Not av… https://t.co/6mR4bRR5Ey,22,0.273,0.727,0.0,0.7974
122,CBS,Sun Dec 24 12:30:02 +0000 2017,"All In The Family star @RobReiner gives props to legendary television writer, producer and 2017 Kennedy Center Hono… https://t.co/98jc5i63zE",23,0.0,1.0,0.0,0.0
123,CBS,Sat Dec 23 16:21:17 +0000 2017,"Rapper @BustaRhymes pays tribute to @LLCoolJ, performing his hit song ""Mama Said Knock You Out"" at The 40th Annual… https://t.co/CRjQArUqwd",24,0.0,1.0,0.0,0.0
124,CBS,Sat Dec 23 15:00:02 +0000 2017,"Oh, what fun it is to stream! Start a 1-month FREE trial of #CBSAllAccess now. Use promo code BINGE by 1/2:… https://t.co/rSAnDJDgbI",25,0.286,0.714,0.0,0.8236
125,CBS,Sat Dec 23 12:37:04 +0000 2017,CBS stars are glowing with holiday spirit! See how the stars are getting festive this season:… https://t.co/7qYTHoxFIc,26,0.355,0.645,0.0,0.7712
126,CBS,Sat Dec 23 07:24:44 +0000 2017,Spread some holiday cheer and laugh along with Dick Van Dyke and Mary Tyler Moore in two back-to-back episodes of T… https://t.co/N89JoYvXZW,27,0.311,0.583,0.107,0.743
127,CBS,Sat Dec 23 06:39:45 +0000 2017,Come home for the holidays with Lucy and Ricky in the I Love Lucy Christmas Special! Stream the full show:… https://t.co/s7f9mjEtER,28,0.365,0.635,0.0,0.8687
128,CBS,Sat Dec 23 01:38:37 +0000 2017,"Tonight at 9/8c, gather the family for two hilarious episodes of this classic sitcom in The Dick Van Dyke Show- Now… https://t.co/YcyECVr2NN",29,0.104,0.769,0.127,-0.1531
129,CBS,Sat Dec 23 00:39:52 +0000 2017,Get ready to laugh in the holidays tonight with Lucy and the gang in the I Love Lucy Christmas Special at 8/7c! Str… https://t.co/txU2TwXWOg,30,0.469,0.531,0.0,0.9422
130,CBS,Fri Dec 22 19:35:35 +0000 2017,"Tonight, ring in the holidays with two back-to-back episodes of a timeless comedy classic, now in color! Watch the… https://t.co/skJsgJdQel",31,0.241,0.759,0.0,0.6588
131,CBS,Fri Dec 22 18:03:20 +0000 2017,"Groundbreaking, daring, fearless. This is CBS All Access Originals. 

Sign up now to watch @StarTrekCBS,… https://t.co/kvPsJafYrN",32,0.278,0.722,0.0,0.6597
132,CBS,Fri Dec 22 14:04:52 +0000 2017,2017 Honoree @LLCoolJ is the first hip-hop artist recognized at the #KCHonors! Learn more about the @NCISLA star's… https://t.co/eK91KdBNpG,33,0.159,0.841,0.0,0.5255
133,CBS,Thu Dec 21 12:04:04 +0000 2017,"She's at it again! Tomorrow, relive Lucy's hilarious antics during the I Love Lucy Christmas Special at 8/7c on CBS… https://t.co/g01UGGLEDk",34,0.368,0.632,0.0,0.8718
134,CBS,Thu Dec 21 01:04:27 +0000 2017,"RT @survivorcbs: 6 heroes, 6 healers, 6 hustlers, but only 1 sole #Survivor. Ready to find out who it is? Tune in to the #SurvivorFinale no…",35,0.213,0.787,0.0,0.6597
135,CBS,Wed Dec 20 23:00:04 +0000 2017,Watch @kelly_clarkson deliver a moving performance of 'Christmas Eve' during A Home for the Holidays with… https://t.co/TAcstl7VYh,36,0.157,0.843,0.0,0.3818
136,CBS,Wed Dec 20 21:08:10 +0000 2017,"In two days, celebrate the holidays with the gang with two back-to-back episodes of the classic sitcom during the I… https://t.co/FRr8jX7MXZ",37,0.249,0.751,0.0,0.743
137,CBS,Wed Dec 20 20:10:15 +0000 2017,2017 Honoree @LLCoolJ salutes James Brown for paving the way for artists like himself. Don't miss The 40th Annual K… https://t.co/310Wfk7EoW,38,0.281,0.719,0.0,0.7222
138,CBS,Wed Dec 20 19:31:47 +0000 2017,Singer-songwriter @JoshGroban delivers a powerhouse performance while raising awareness of adoption through foster… https://t.co/FiQKJdx7Ty,39,0.0,1.0,0.0,0.0
139,CBS,Wed Dec 20 15:30:01 +0000 2017,Do you know all the nominees for Album Of The Year? Get familiar with this year's GRAMMY®  Award nominees ahead of… https://t.co/GYnxLT3n4p,40,0.143,0.857,0.0,0.5423
140,CBS,Sun Dec 24 20:40:42 +0000 2017,"Tonight, get together and enjoy Christmas Eve with a two-hour marathon of your favorite classic sitcoms! Watch The… https://t.co/SCv8TJy9Yp",41,0.289,0.711,0.0,0.7574
141,CBS,Sun Dec 24 14:17:43 +0000 2017,Get ready for football! Stream NFL on CBS today with #CBSAllAccess. Try 1 month FREE with promo code BINGE! (Not av… https://t.co/6mR4bRR5Ey,42,0.273,0.727,0.0,0.7974
142,CBS,Sun Dec 24 12:30:02 +0000 2017,"All In The Family star @RobReiner gives props to legendary television writer, producer and 2017 Kennedy Center Hono… https://t.co/98jc5i63zE",43,0.0,1.0,0.0,0.0
143,CBS,Sat Dec 23 16:21:17 +0000 2017,"Rapper @BustaRhymes pays tribute to @LLCoolJ, performing his hit song ""Mama Said Knock You Out"" at The 40th Annual… https://t.co/CRjQArUqwd",44,0.0,1.0,0.0,0.0
144,CBS,Sat Dec 23 15:00:02 +0000 2017,"Oh, what fun it is to stream! Start a 1-month FREE trial of #CBSAllAccess now. Use promo code BINGE by 1/2:… https://t.co/rSAnDJDgbI",45,0.286,0.714,0.0,0.8236
145,CBS,Sat Dec 23 12:37:04 +0000 2017,CBS stars are glowing with holiday spirit! See how the stars are getting festive this season:… https://t.co/7qYTHoxFIc,46,0.355,0.645,0.0,0.7712
146,CBS,Sat Dec 23 07:24:44 +0000 2017,Spread some holiday cheer and laugh along with Dick Van Dyke and Mary Tyler Moore in two back-to-back episodes of T… https://t.co/N89JoYvXZW,47,0.311,0.583,0.107,0.743
147,CBS,Sat Dec 23 06:39:45 +0000 2017,Come home for the holidays with Lucy and Ricky in the I Love Lucy Christmas Special! Stream the full show:… https://t.co/s7f9mjEtER,48,0.365,0.635,0.0,0.8687
148,CBS,Sat Dec 23 01:38:37 +0000 2017,"Tonight at 9/8c, gather the family for two hilarious episodes of this classic sitcom in The Dick Van Dyke Show- Now… https://t.co/YcyECVr2NN",49,0.104,0.769,0.127,-0.1531
149,CBS,Sat Dec 23 00:39:52 +0000 2017,Get ready to laugh in the holidays tonight with Lucy and the gang in the I Love Lucy Christmas Special at 8/7c! Str… https://t.co/txU2TwXWOg,50,0.469,0.531,0.0,0.9422
150,CBS,Fri Dec 22 19:35:35 +0000 2017,"Tonight, ring in the holidays with two back-to-back episodes of a timeless comedy classic, now in color! Watch the… https://t.co/skJsgJdQel",51,0.241,0.759,0.0,0.6588
151,CBS,Fri Dec 22 18:03:20 +0000 2017,"Groundbreaking, daring, fearless. This is CBS All Access Originals. 

Sign up now to watch @StarTrekCBS,… https://t.co/kvPsJafYrN",52,0.278,0.722,0.0,0.6597
152,CBS,Fri Dec 22 14:04:52 +0000 2017,2017 Honoree @LLCoolJ is the first hip-hop artist recognized at the #KCHonors! Learn more about the @NCISLA star's… https://t.co/eK91KdBNpG,53,0.159,0.841,0.0,0.5255
153,CBS,Thu Dec 21 12:04:04 +0000 2017,"She's at it again! Tomorrow, relive Lucy's hilarious antics during the I Love Lucy Christmas Special at 8/7c on CBS… https://t.co/g01UGGLEDk",54,0.368,0.632,0.0,0.8718
154,CBS,Thu Dec 21 01:04:27 +0000 2017,"RT @survivorcbs: 6 heroes, 6 healers, 6 hustlers, but only 1 sole #Survivor. Ready to find out who it is? Tune in to the #SurvivorFinale no…",55,0.213,0.787,0.0,0.6597
155,CBS,Wed Dec 20 23:00:04 +0000 2017,Watch @kelly_clarkson deliver a moving performance of 'Christmas Eve' during A Home for the Holidays with… https://t.co/TAcstl7VYh,56,0.157,0.843,0.0,0.3818
156,CBS,Wed Dec 20 21:08:10 +0000 2017,"In two days, celebrate the holidays with the gang with two back-to-back episodes of the classic sitcom during the I… https://t.co/FRr8jX7MXZ",57,0.249,0.751,0.0,0.743
157,CBS,Wed Dec 20 20:10:15 +0000 2017,2017 Honoree @LLCoolJ salutes James Brown for paving the way for artists like himself. Don't miss The 40th Annual K… https://t.co/310Wfk7EoW,58,0.281,0.719,0.0,0.7222
158,CBS,Wed Dec 20 19:31:47 +0000 2017,Singer-songwriter @JoshGroban delivers a powerhouse performance while raising awareness of adoption through foster… https://t.co/FiQKJdx7Ty,59,0.0,1.0,0.0,0.0
159,CBS,Wed Dec 20 15:30:01 +0000 2017,Do you know all the nominees for Album Of The Year? Get familiar with this year's GRAMMY®  Award nominees ahead of… https://t.co/GYnxLT3n4p,60,0.143,0.857,0.0,0.5423
160,CBS,Sun Dec 24 20:40:42 +0000 2017,"Tonight, get together and enjoy Christmas Eve with a two-hour marathon of your favorite classic sitcoms! Watch The… https://t.co/SCv8TJy9Yp",61,0.289,0.711,0.0,0.7574
161,CBS,Sun Dec 24 14:17:43 +0000 2017,Get ready for football! Stream NFL on CBS today with #CBSAllAccess. Try 1 month FREE with promo code BINGE! (Not av… https://t.co/6mR4bRR5Ey,62,0.273,0.727,0.0,0.7974
162,CBS,Sun Dec 24 12:30:02 +0000 2017,"All In The Family star @RobReiner gives props to legendary television writer, producer and 2017 Kennedy Center Hono… https://t.co/98jc5i63zE",63,0.0,1.0,0.0,0.0
163,CBS,Sat Dec 23 16:21:17 +0000 2017,"Rapper @BustaRhymes pays tribute to @LLCoolJ, performing his hit song ""Mama Said Knock You Out"" at The 40th Annual… https://t.co/CRjQArUqwd",64,0.0,1.0,0.0,0.0
164,CBS,Sat Dec 23 15:00:02 +0000 2017,"Oh, what fun it is to stream! Start a 1-month FREE trial of #CBSAllAccess now. Use promo code BINGE by 1/2:… https://t.co/rSAnDJDgbI",65,0.286,0.714,0.0,0.8236
165,CBS,Sat Dec 23 12:37:04 +0000 2017,CBS stars are glowing with holiday spirit! See how the stars are getting festive this season:… https://t.co/7qYTHoxFIc,66,0.355,0.645,0.0,0.7712
166,CBS,Sat Dec 23 07:24:44 +0000 2017,Spread some holiday cheer and laugh along with Dick Van Dyke and Mary Tyler Moore in two back-to-back episodes of T… https://t.co/N89JoYvXZW,67,0.311,0.583,0.107,0.743
167,CBS,Sat Dec 23 06:39:45 +0000 2017,Come home for the holidays with Lucy and Ricky in the I Love Lucy Christmas Special! Stream the full show:… https://t.co/s7f9mjEtER,68,0.365,0.635,0.0,0.8687
168,CBS,Sat Dec 23 01:38:37 +0000 2017,"Tonight at 9/8c, gather the family for two hilarious episodes of this classic sitcom in The Dick Van Dyke Show- Now… https://t.co/YcyECVr2NN",69,0.104,0.769,0.127,-0.1531
169,CBS,Sat Dec 23 00:39:52 +0000 2017,Get ready to laugh in the holidays tonight with Lucy and the gang in the I Love Lucy Christmas Special at 8/7c! Str… https://t.co/txU2TwXWOg,70,0.469,0.531,0.0,0.9422
170,CBS,Fri Dec 22 19:35:35 +0000 2017,"Tonight, ring in the holidays with two back-to-back episodes of a timeless comedy classic, now in color! Watch the… https://t.co/skJsgJdQel",71,0.241,0.759,0.0,0.6588
171,CBS,Fri Dec 22 18:03:20 +0000 2017,"Groundbreaking, daring, fearless. This is CBS All Access Originals. 

Sign up now to watch @StarTrekCBS,… https://t.co/kvPsJafYrN",72,0.278,0.722,0.0,0.6597
172,CBS,Fri Dec 22 14:04:52 +0000 2017,2017 Honoree @LLCoolJ is the first hip-hop artist recognized at the #KCHonors! Learn more about the @NCISLA star's… https://t.co/eK91KdBNpG,73,0.159,0.841,0.0,0.5255
173,CBS,Thu Dec 21 12:04:04 +0000 2017,"She's at it again! Tomorrow, relive Lucy's hilarious antics during the I Love Lucy Christmas Special at 8/7c on CBS… https://t.co/g01UGGLEDk",74,0.368,0.632,0.0,0.8718
174,CBS,Thu Dec 21 01:04:27 +0000 2017,"RT @survivorcbs: 6 heroes, 6 healers, 6 hustlers, but only 1 sole #Survivor. Ready to find out who it is? Tune in to the #SurvivorFinale no…",75,0.213,0.787,0.0,0.6597
175,CBS,Wed Dec 20 23:00:04 +0000 2017,Watch @kelly_clarkson deliver a moving performance of 'Christmas Eve' during A Home for the Holidays with… https://t.co/TAcstl7VYh,76,0.157,0.843,0.0,0.3818
176,CBS,Wed Dec 20 21:08:10 +0000 2017,"In two days, celebrate the holidays with the gang with two back-to-back episodes of the classic sitcom during the I… https://t.co/FRr8jX7MXZ",77,0.249,0.751,0.0,0.743
177,CBS,Wed Dec 20 20:10:15 +0000 2017,2017 Honoree @LLCoolJ salutes James Brown for paving the way for artists like himself. Don't miss The 40th Annual K… https://t.co/310Wfk7EoW,78,0.281,0.719,0.0,0.7222
178,CBS,Wed Dec 20 19:31:47 +0000 2017,Singer-songwriter @JoshGroban delivers a powerhouse performance while raising awareness of adoption through foster… https://t.co/FiQKJdx7Ty,79,0.0,1.0,0.0,0.0
179,CBS,Wed Dec 20 15:30:01 +0000 2017,Do you know all the nominees for Album Of The Year? Get familiar with this year's GRAMMY®  Award nominees ahead of… https://t.co/GYnxLT3n4p,80,0.143,0.857,0.0,0.5423
180,CBS,Sun Dec 24 20:40:42 +0000 2017,"Tonight, get together and enjoy Christmas Eve with a two-hour marathon of your favorite classic sitcoms! Watch The… https://t.co/SCv8TJy9Yp",81,0.289,0.711,0.0,0.7574
181,CBS,Sun Dec 24 14:17:43 +0000 2017,Get ready for football! Stream NFL on CBS today with #CBSAllAccess. Try 1 month FREE with promo code BINGE! (Not av… https://t.co/6mR4bRR5Ey,82,0.273,0.727,0.0,0.7974
182,CBS,Sun Dec 24 12:30:02 +0000 2017,"All In The Family star @RobReiner gives props to legendary television writer, producer and 2017 Kennedy Center Hono… https://t.co/98jc5i63zE",83,0.0,1.0,0.0,0.0
183,CBS,Sat Dec 23 16:21:17 +0000 2017,"Rapper @BustaRhymes pays tribute to @LLCoolJ, performing his hit song ""Mama Said Knock You Out"" at The 40th Annual… https://t.co/CRjQArUqwd",84,0.0,1.0,0.0,0.0
184,CBS,Sat Dec 23 15:00:02 +0000 2017,"Oh, what fun it is to stream! Start a 1-month FREE trial of #CBSAllAccess now. Use promo code BINGE by 1/2:… https://t.co/rSAnDJDgbI",85,0.286,0.714,0.0,0.8236
185,CBS,Sat Dec 23 12:37:04 +0000 2017,CBS stars are glowing with holiday spirit! See how the stars are getting festive this season:… https://t.co/7qYTHoxFIc,86,0.355,0.645,0.0,0.7712
186,CBS,Sat Dec 23 07:24:44 +0000 2017,Spread some holiday cheer and laugh along with Dick Van Dyke and Mary Tyler Moore in two back-to-back episodes of T… https://t.co/N89JoYvXZW,87,0.311,0.583,0.107,0.743
187,CBS,Sat Dec 23 06:39:45 +0000 2017,Come home for the holidays with Lucy and Ricky in the I Love Lucy Christmas Special! Stream the full show:… https://t.co/s7f9mjEtER,88,0.365,0.635,0.0,0.8687
188,CBS,Sat Dec 23 01:38:37 +0000 2017,"Tonight at 9/8c, gather the family for two hilarious episodes of this classic sitcom in The Dick Van Dyke Show- Now… https://t.co/YcyECVr2NN",89,0.104,0.769,0.127,-0.1531
189,CBS,Sat Dec 23 00:39:52 +0000 2017,Get ready to laugh in the holidays tonight with Lucy and the gang in the I Love Lucy Christmas Special at 8/7c! Str… https://t.co/txU2TwXWOg,90,0.469,0.531,0.0,0.9422
190,CBS,Fri Dec 22 19:35:35 +0000 2017,"Tonight, ring in the holidays with two back-to-back episodes of a timeless comedy classic, now in color! Watch the… https://t.co/skJsgJdQel",91,0.241,0.759,0.0,0.6588
191,CBS,Fri Dec 22 18:03:20 +0000 2017,"Groundbreaking, daring, fearless. This is CBS All Access Originals. 

Sign up now to watch @StarTrekCBS,… https://t.co/kvPsJafYrN",92,0.278,0.722,0.0,0.6597
192,CBS,Fri Dec 22 14:04:52 +0000 2017,2017 Honoree @LLCoolJ is the first hip-hop artist recognized at the #KCHonors! Learn more about the @NCISLA star's… https://t.co/eK91KdBNpG,93,0.159,0.841,0.0,0.5255
193,CBS,Thu Dec 21 12:04:04 +0000 2017,"She's at it again! Tomorrow, relive Lucy's hilarious antics during the I Love Lucy Christmas Special at 8/7c on CBS… https://t.co/g01UGGLEDk",94,0.368,0.632,0.0,0.8718
194,CBS,Thu Dec 21 01:04:27 +0000 2017,"RT @survivorcbs: 6 heroes, 6 healers, 6 hustlers, but only 1 sole #Survivor. Ready to find out who it is? Tune in to the #SurvivorFinale no…",95,0.213,0.787,0.0,0.6597
195,CBS,Wed Dec 20 23:00:04 +0000 2017,Watch @kelly_clarkson deliver a moving performance of 'Christmas Eve' during A Home for the Holidays with… https://t.co/TAcstl7VYh,96,0.157,0.843,0.0,0.3818
196,CBS,Wed Dec 20 21:08:10 +0000 2017,"In two days, celebrate the holidays with the gang with two back-to-back episodes of the classic sitcom during the I… https://t.co/FRr8jX7MXZ",97,0.249,0.751,0.0,0.743
197,CBS,Wed Dec 20 20:10:15 +0000 2017,2017 Honoree @LLCoolJ salutes James Brown for paving the way for artists like himself. Don't miss The 40th Annual K… https://t.co/310Wfk7EoW,98,0.281,0.719,0.0,0.7222
198,CBS,Wed Dec 20 19:31:47 +0000 2017,Singer-songwriter @JoshGroban delivers a powerhouse performance while raising awareness of adoption through foster… https://t.co/FiQKJdx7Ty,99,0.0,1.0,0.0,0.0
199,CBS,Wed Dec 20 15:30:01 +0000 2017,Do you know all the nominees for Album Of The Year? Get familiar with this year's GRAMMY®  Award nominees ahead of… https://t.co/GYnxLT3n4p,100,0.143,0.857,0.0,0.5423
200,CNN,Sun Dec 24 22:15:05 +0000 2017,"Chelsea bomber has been trying to radicalize inmates, prosecutors say https://t.co/xjBElLzslv https://t.co/wGBeahpII6",1,0.0,1.0,0.0,0.0
201,CNN,Sun Dec 24 22:00:16 +0000 2017,"Sen. Bernie Sanders on DACA: “If we do not act, you’re going to have 800,000 people with no legal status who will b… https://t.co/9cdAHSBeXL",2,0.058,0.856,0.086,-0.1779
202,CNN,Sun Dec 24 21:47:14 +0000 2017,"Every year, officials on Christmas Island close roads for millions of red crabs migrating across the island… https://t.co/88kx6jq6Br",3,0.0,1.0,0.0,0.0
203,CNN,Sun Dec 24 21:30:08 +0000 2017,Republican Sen. Jeff Flake of Arizona leaves the door open for a 2020 presidential run https://t.co/rWhYMFPAjW https://t.co/cRBENfwL7n,4,0.0,1.0,0.0,0.0
204,CNN,Sun Dec 24 21:15:06 +0000 2017,"""Real Housewives"" star Luann de Lesseps arrested in Florida https://t.co/0IL7OJHBwM https://t.co/7l4aNzGa6G",5,0.0,0.763,0.237,-0.4767
205,CNN,Sun Dec 24 21:00:10 +0000 2017,US-Russia relations are getting chilly despite President Trump's hopes https://t.co/umfI3vXv75 https://t.co/M7w5X9Gd30,6,0.0,0.811,0.189,-0.3252
206,CNN,Sun Dec 24 20:45:07 +0000 2017,Venezuela crisis sends residents fleeing to nearby countries https://t.co/RuXZnrQd5j https://t.co/4usHIwi3I6,7,0.0,0.687,0.313,-0.6249
207,CNN,Sun Dec 24 20:30:14 +0000 2017,"North Korea calls latest UN sanctions ""an act of war"" https://t.co/VpYsJ076wS https://t.co/63chpwKzr3",8,0.0,0.738,0.262,-0.5994
208,CNN,Sun Dec 24 20:15:09 +0000 2017,The Russia investigation's effect on the GOP agenda https://t.co/N36ybQAJP3 https://t.co/lDRkdkdIXK,9,0.0,1.0,0.0,0.0
209,CNN,Sun Dec 24 20:00:44 +0000 2017,Four star chefs. One unforgettable meal. And you’re invited. | via @CNNTravel https://t.co/qkGWNJ5mBI https://t.co/3FnLzWYQAc,10,0.0,1.0,0.0,0.0
210,CNN,Sun Dec 24 19:45:15 +0000 2017,"During one unique family meal, culinary legends Daniel Boulud, Jean-Georges Vongerichten, Eric Ripert, and Jacques… https://t.co/hiBbE4Zbxr",11,0.0,1.0,0.0,0.0
211,CNN,Sun Dec 24 19:30:11 +0000 2017,President Trump takes aim at top FBI officials https://t.co/0tb7VyWFg9 https://t.co/JLAYgAfsBT,12,0.167,0.833,0.0,0.2023
212,CNN,Sun Dec 24 19:15:12 +0000 2017,This is how President Trump's first year changed the Middle East https://t.co/quYdSwQRek https://t.co/zIyDJHix5G,13,0.0,1.0,0.0,0.0
213,CNN,Sun Dec 24 19:00:20 +0000 2017,Here's a look at this week in politics https://t.co/niRBOkhgjL https://t.co/h1ooWG96s7,14,0.0,1.0,0.0,0.0
214,CNN,Sun Dec 24 18:45:04 +0000 2017,A high school quarterback in North Carolina has found a home with his coach https://t.co/My6FnGOGZS https://t.co/DhSj4naPTY,15,0.0,1.0,0.0,0.0
215,CNN,Sun Dec 24 18:30:17 +0000 2017,A federal judge has lifted parts of President Trump's travel ban https://t.co/jPtayqd5kA https://t.co/04sbFwKdzA,16,0.0,0.753,0.247,-0.5574
216,CNN,Sun Dec 24 18:15:08 +0000 2017,"An American accused of fighting for ISIS will get legal counsel, judge says https://t.co/MPJ0tKhQoK https://t.co/1rwsUdZKNx",17,0.082,0.659,0.258,-0.4939
217,CNN,Sun Dec 24 18:00:23 +0000 2017,The North American Aerospace Defense Command’s official Santa tracker is following one sleigh and eight reindeer as… https://t.co/NYQbI6yo9k,18,0.081,0.919,0.0,0.128
218,CNN,Sun Dec 24 17:45:06 +0000 2017,Several people have been killed in a Christmas Eve plane crash in Florida https://t.co/9UkP36GnSl https://t.co/syUbf7tD6a,19,0.0,0.625,0.375,-0.802
219,CNN,Sun Dec 24 17:30:06 +0000 2017,"Moscow Ballet's ""Great Russian Nutcracker"" promotes peace https://t.co/aRqxPSulWj https://t.co/yP4AgIbC98",20,0.625,0.375,0.0,0.875
220,CNN,Sun Dec 24 22:15:05 +0000 2017,"Chelsea bomber has been trying to radicalize inmates, prosecutors say https://t.co/xjBElLzslv https://t.co/wGBeahpII6",21,0.0,1.0,0.0,0.0
221,CNN,Sun Dec 24 22:00:16 +0000 2017,"Sen. Bernie Sanders on DACA: “If we do not act, you’re going to have 800,000 people with no legal status who will b… https://t.co/9cdAHSBeXL",22,0.058,0.856,0.086,-0.1779
222,CNN,Sun Dec 24 21:47:14 +0000 2017,"Every year, officials on Christmas Island close roads for millions of red crabs migrating across the island… https://t.co/88kx6jq6Br",23,0.0,1.0,0.0,0.0
223,CNN,Sun Dec 24 21:30:08 +0000 2017,Republican Sen. Jeff Flake of Arizona leaves the door open for a 2020 presidential run https://t.co/rWhYMFPAjW https://t.co/cRBENfwL7n,24,0.0,1.0,0.0,0.0
224,CNN,Sun Dec 24 21:15:06 +0000 2017,"""Real Housewives"" star Luann de Lesseps arrested in Florida https://t.co/0IL7OJHBwM https://t.co/7l4aNzGa6G",25,0.0,0.763,0.237,-0.4767
225,CNN,Sun Dec 24 21:00:10 +0000 2017,US-Russia relations are getting chilly despite President Trump's hopes https://t.co/umfI3vXv75 https://t.co/M7w5X9Gd30,26,0.0,0.811,0.189,-0.3252
226,CNN,Sun Dec 24 20:45:07 +0000 2017,Venezuela crisis sends residents fleeing to nearby countries https://t.co/RuXZnrQd5j https://t.co/4usHIwi3I6,27,0.0,0.687,0.313,-0.6249
227,CNN,Sun Dec 24 20:30:14 +0000 2017,"North Korea calls latest UN sanctions ""an act of war"" https://t.co/VpYsJ076wS https://t.co/63chpwKzr3",28,0.0,0.738,0.262,-0.5994
228,CNN,Sun Dec 24 20:15:09 +0000 2017,The Russia investigation's effect on the GOP agenda https://t.co/N36ybQAJP3 https://t.co/lDRkdkdIXK,29,0.0,1.0,0.0,0.0
229,CNN,Sun Dec 24 20:00:44 +0000 2017,Four star chefs. One unforgettable meal. And you’re invited. | via @CNNTravel https://t.co/qkGWNJ5mBI https://t.co/3FnLzWYQAc,30,0.0,1.0,0.0,0.0
230,CNN,Sun Dec 24 19:45:15 +0000 2017,"During one unique family meal, culinary legends Daniel Boulud, Jean-Georges Vongerichten, Eric Ripert, and Jacques… https://t.co/hiBbE4Zbxr",31,0.0,1.0,0.0,0.0
231,CNN,Sun Dec 24 19:30:11 +0000 2017,President Trump takes aim at top FBI officials https://t.co/0tb7VyWFg9 https://t.co/JLAYgAfsBT,32,0.167,0.833,0.0,0.2023
232,CNN,Sun Dec 24 19:15:12 +0000 2017,This is how President Trump's first year changed the Middle East https://t.co/quYdSwQRek https://t.co/zIyDJHix5G,33,0.0,1.0,0.0,0.0
233,CNN,Sun Dec 24 19:00:20 +0000 2017,Here's a look at this week in politics https://t.co/niRBOkhgjL https://t.co/h1ooWG96s7,34,0.0,1.0,0.0,0.0
234,CNN,Sun Dec 24 18:45:04 +0000 2017,A high school quarterback in North Carolina has found a home with his coach https://t.co/My6FnGOGZS https://t.co/DhSj4naPTY,35,0.0,1.0,0.0,0.0
235,CNN,Sun Dec 24 18:30:17 +0000 2017,A federal judge has lifted parts of President Trump's travel ban https://t.co/jPtayqd5kA https://t.co/04sbFwKdzA,36,0.0,0.753,0.247,-0.5574
236,CNN,Sun Dec 24 18:15:08 +0000 2017,"An American accused of fighting for ISIS will get legal counsel, judge says https://t.co/MPJ0tKhQoK https://t.co/1rwsUdZKNx",37,0.082,0.659,0.258,-0.4939
237,CNN,Sun Dec 24 18:00:23 +0000 2017,The North American Aerospace Defense Command’s official Santa tracker is following one sleigh and eight reindeer as… https://t.co/NYQbI6yo9k,38,0.081,0.919,0.0,0.128
238,CNN,Sun Dec 24 17:45:06 +0000 2017,Several people have been killed in a Christmas Eve plane crash in Florida https://t.co/9UkP36GnSl https://t.co/syUbf7tD6a,39,0.0,0.625,0.375,-0.802
239,CNN,Sun Dec 24 17:30:06 +0000 2017,"Moscow Ballet's ""Great Russian Nutcracker"" promotes peace https://t.co/aRqxPSulWj https://t.co/yP4AgIbC98",40,0.625,0.375,0.0,0.875
240,CNN,Sun Dec 24 22:15:05 +0000 2017,"Chelsea bomber has been trying to radicalize inmates, prosecutors say https://t.co/xjBElLzslv https://t.co/wGBeahpII6",41,0.0,1.0,0.0,0.0
241,CNN,Sun Dec 24 22:00:16 +0000 2017,"Sen. Bernie Sanders on DACA: “If we do not act, you’re going to have 800,000 people with no legal status who will b… https://t.co/9cdAHSBeXL",42,0.058,0.856,0.086,-0.1779
242,CNN,Sun Dec 24 21:47:14 +0000 2017,"Every year, officials on Christmas Island close roads for millions of red crabs migrating across the island… https://t.co/88kx6jq6Br",43,0.0,1.0,0.0,0.0
243,CNN,Sun Dec 24 21:30:08 +0000 2017,Republican Sen. Jeff Flake of Arizona leaves the door open for a 2020 presidential run https://t.co/rWhYMFPAjW https://t.co/cRBENfwL7n,44,0.0,1.0,0.0,0.0
244,CNN,Sun Dec 24 21:15:06 +0000 2017,"""Real Housewives"" star Luann de Lesseps arrested in Florida https://t.co/0IL7OJHBwM https://t.co/7l4aNzGa6G",45,0.0,0.763,0.237,-0.4767
245,CNN,Sun Dec 24 21:00:10 +0000 2017,US-Russia relations are getting chilly despite President Trump's hopes https://t.co/umfI3vXv75 https://t.co/M7w5X9Gd30,46,0.0,0.811,0.189,-0.3252
246,CNN,Sun Dec 24 20:45:07 +0000 2017,Venezuela crisis sends residents fleeing to nearby countries https://t.co/RuXZnrQd5j https://t.co/4usHIwi3I6,47,0.0,0.687,0.313,-0.6249
247,CNN,Sun Dec 24 20:30:14 +0000 2017,"North Korea calls latest UN sanctions ""an act of war"" https://t.co/VpYsJ076wS https://t.co/63chpwKzr3",48,0.0,0.738,0.262,-0.5994
248,CNN,Sun Dec 24 20:15:09 +0000 2017,The Russia investigation's effect on the GOP agenda https://t.co/N36ybQAJP3 https://t.co/lDRkdkdIXK,49,0.0,1.0,0.0,0.0
249,CNN,Sun Dec 24 20:00:44 +0000 2017,Four star chefs. One unforgettable meal. And you’re invited. | via @CNNTravel https://t.co/qkGWNJ5mBI https://t.co/3FnLzWYQAc,50,0.0,1.0,0.0,0.0
250,CNN,Sun Dec 24 19:45:15 +0000 2017,"During one unique family meal, culinary legends Daniel Boulud, Jean-Georges Vongerichten, Eric Ripert, and Jacques… https://t.co/hiBbE4Zbxr",51,0.0,1.0,0.0,0.0
251,CNN,Sun Dec 24 19:30:11 +0000 2017,President Trump takes aim at top FBI officials https://t.co/0tb7VyWFg9 https://t.co/JLAYgAfsBT,52,0.167,0.833,0.0,0.2023
252,CNN,Sun Dec 24 19:15:12 +0000 2017,This is how President Trump's first year changed the Middle East https://t.co/quYdSwQRek https://t.co/zIyDJHix5G,53,0.0,1.0,0.0,0.0
253,CNN,Sun Dec 24 19:00:20 +0000 2017,Here's a look at this week in politics https://t.co/niRBOkhgjL https://t.co/h1ooWG96s7,54,0.0,1.0,0.0,0.0
254,CNN,Sun Dec 24 18:45:04 +0000 2017,A high school quarterback in North Carolina has found a home with his coach https://t.co/My6FnGOGZS https://t.co/DhSj4naPTY,55,0.0,1.0,0.0,0.0
255,CNN,Sun Dec 24 18:30:17 +0000 2017,A federal judge has lifted parts of President Trump's travel ban https://t.co/jPtayqd5kA https://t.co/04sbFwKdzA,56,0.0,0.753,0.247,-0.5574
256,CNN,Sun Dec 24 18:15:08 +0000 2017,"An American accused of fighting for ISIS will get legal counsel, judge says https://t.co/MPJ0tKhQoK https://t.co/1rwsUdZKNx",57,0.082,0.659,0.258,-0.4939
257,CNN,Sun Dec 24 18:00:23 +0000 2017,The North American Aerospace Defense Command’s official Santa tracker is following one sleigh and eight reindeer as… https://t.co/NYQbI6yo9k,58,0.081,0.919,0.0,0.128
258,CNN,Sun Dec 24 17:45:06 +0000 2017,Several people have been killed in a Christmas Eve plane crash in Florida https://t.co/9UkP36GnSl https://t.co/syUbf7tD6a,59,0.0,0.625,0.375,-0.802
259,CNN,Sun Dec 24 17:30:06 +0000 2017,"Moscow Ballet's ""Great Russian Nutcracker"" promotes peace https://t.co/aRqxPSulWj https://t.co/yP4AgIbC98",60,0.625,0.375,0.0,0.875
260,CNN,Sun Dec 24 22:15:05 +0000 2017,"Chelsea bomber has been trying to radicalize inmates, prosecutors say https://t.co/xjBElLzslv https://t.co/wGBeahpII6",61,0.0,1.0,0.0,0.0
261,CNN,Sun Dec 24 22:00:16 +0000 2017,"Sen. Bernie Sanders on DACA: “If we do not act, you’re going to have 800,000 people with no legal status who will b… https://t.co/9cdAHSBeXL",62,0.058,0.856,0.086,-0.1779
262,CNN,Sun Dec 24 21:47:14 +0000 2017,"Every year, officials on Christmas Island close roads for millions of red crabs migrating across the island… https://t.co/88kx6jq6Br",63,0.0,1.0,0.0,0.0
263,CNN,Sun Dec 24 21:30:08 +0000 2017,Republican Sen. Jeff Flake of Arizona leaves the door open for a 2020 presidential run https://t.co/rWhYMFPAjW https://t.co/cRBENfwL7n,64,0.0,1.0,0.0,0.0
264,CNN,Sun Dec 24 21:15:06 +0000 2017,"""Real Housewives"" star Luann de Lesseps arrested in Florida https://t.co/0IL7OJHBwM https://t.co/7l4aNzGa6G",65,0.0,0.763,0.237,-0.4767
265,CNN,Sun Dec 24 21:00:10 +0000 2017,US-Russia relations are getting chilly despite President Trump's hopes https://t.co/umfI3vXv75 https://t.co/M7w5X9Gd30,66,0.0,0.811,0.189,-0.3252
266,CNN,Sun Dec 24 20:45:07 +0000 2017,Venezuela crisis sends residents fleeing to nearby countries https://t.co/RuXZnrQd5j https://t.co/4usHIwi3I6,67,0.0,0.687,0.313,-0.6249
267,CNN,Sun Dec 24 20:30:14 +0000 2017,"North Korea calls latest UN sanctions ""an act of war"" https://t.co/VpYsJ076wS https://t.co/63chpwKzr3",68,0.0,0.738,0.262,-0.5994
268,CNN,Sun Dec 24 20:15:09 +0000 2017,The Russia investigation's effect on the GOP agenda https://t.co/N36ybQAJP3 https://t.co/lDRkdkdIXK,69,0.0,1.0,0.0,0.0
269,CNN,Sun Dec 24 20:00:44 +0000 2017,Four star chefs. One unforgettable meal. And you’re invited. | via @CNNTravel https://t.co/qkGWNJ5mBI https://t.co/3FnLzWYQAc,70,0.0,1.0,0.0,0.0
270,CNN,Sun Dec 24 19:45:15 +0000 2017,"During one unique family meal, culinary legends Daniel Boulud, Jean-Georges Vongerichten, Eric Ripert, and Jacques… https://t.co/hiBbE4Zbxr",71,0.0,1.0,0.0,0.0
271,CNN,Sun Dec 24 19:30:11 +0000 2017,President Trump takes aim at top FBI officials https://t.co/0tb7VyWFg9 https://t.co/JLAYgAfsBT,72,0.167,0.833,0.0,0.2023
272,CNN,Sun Dec 24 19:15:12 +0000 2017,This is how President Trump's first year changed the Middle East https://t.co/quYdSwQRek https://t.co/zIyDJHix5G,73,0.0,1.0,0.0,0.0
273,CNN,Sun Dec 24 19:00:20 +0000 2017,Here's a look at this week in politics https://t.co/niRBOkhgjL https://t.co/h1ooWG96s7,74,0.0,1.0,0.0,0.0
274,CNN,Sun Dec 24 18:45:04 +0000 2017,A high school quarterback in North Carolina has found a home with his coach https://t.co/My6FnGOGZS https://t.co/DhSj4naPTY,75,0.0,1.0,0.0,0.0
275,CNN,Sun Dec 24 18:30:17 +0000 2017,A federal judge has lifted parts of President Trump's travel ban https://t.co/jPtayqd5kA https://t.co/04sbFwKdzA,76,0.0,0.753,0.247,-0.5574
276,CNN,Sun Dec 24 18:15:08 +0000 2017,"An American accused of fighting for ISIS will get legal counsel, judge says https://t.co/MPJ0tKhQoK https://t.co/1rwsUdZKNx",77,0.082,0.659,0.258,-0.4939
277,CNN,Sun Dec 24 18:00:23 +0000 2017,The North American Aerospace Defense Command’s official Santa tracker is following one sleigh and eight reindeer as… https://t.co/NYQbI6yo9k,78,0.081,0.919,0.0,0.128
278,CNN,Sun Dec 24 17:45:06 +0000 2017,Several people have been killed in a Christmas Eve plane crash in Florida https://t.co/9UkP36GnSl https://t.co/syUbf7tD6a,79,0.0,0.625,0.375,-0.802
279,CNN,Sun Dec 24 17:30:06 +0000 2017,"Moscow Ballet's ""Great Russian Nutcracker"" promotes peace https://t.co/aRqxPSulWj https://t.co/yP4AgIbC98",80,0.625,0.375,0.0,0.875
280,CNN,Sun Dec 24 22:15:05 +0000 2017,"Chelsea bomber has been trying to radicalize inmates, prosecutors say https://t.co/xjBElLzslv https://t.co/wGBeahpII6",81,0.0,1.0,0.0,0.0
281,CNN,Sun Dec 24 22:00:16 +0000 2017,"Sen. Bernie Sanders on DACA: “If we do not act, you’re going to have 800,000 people with no legal status who will b… https://t.co/9cdAHSBeXL",82,0.058,0.856,0.086,-0.1779
282,CNN,Sun Dec 24 21:47:14 +0000 2017,"Every year, officials on Christmas Island close roads for millions of red crabs migrating across the island… https://t.co/88kx6jq6Br",83,0.0,1.0,0.0,0.0
283,CNN,Sun Dec 24 21:30:08 +0000 2017,Republican Sen. Jeff Flake of Arizona leaves the door open for a 2020 presidential run https://t.co/rWhYMFPAjW https://t.co/cRBENfwL7n,84,0.0,1.0,0.0,0.0
284,CNN,Sun Dec 24 21:15:06 +0000 2017,"""Real Housewives"" star Luann de Lesseps arrested in Florida https://t.co/0IL7OJHBwM https://t.co/7l4aNzGa6G",85,0.0,0.763,0.237,-0.4767
285,CNN,Sun Dec 24 21:00:10 +0000 2017,US-Russia relations are getting chilly despite President Trump's hopes https://t.co/umfI3vXv75 https://t.co/M7w5X9Gd30,86,0.0,0.811,0.189,-0.3252
286,CNN,Sun Dec 24 20:45:07 +0000 2017,Venezuela crisis sends residents fleeing to nearby countries https://t.co/RuXZnrQd5j https://t.co/4usHIwi3I6,87,0.0,0.687,0.313,-0.6249
287,CNN,Sun Dec 24 20:30:14 +0000 2017,"North Korea calls latest UN sanctions ""an act of war"" https://t.co/VpYsJ076wS https://t.co/63chpwKzr3",88,0.0,0.738,0.262,-0.5994
288,CNN,Sun Dec 24 20:15:09 +0000 2017,The Russia investigation's effect on the GOP agenda https://t.co/N36ybQAJP3 https://t.co/lDRkdkdIXK,89,0.0,1.0,0.0,0.0
289,CNN,Sun Dec 24 20:00:44 +0000 2017,Four star chefs. One unforgettable meal. And you’re invited. | via @CNNTravel https://t.co/qkGWNJ5mBI https://t.co/3FnLzWYQAc,90,0.0,1.0,0.0,0.0
290,CNN,Sun Dec 24 19:45:15 +0000 2017,"During one unique family meal, culinary legends Daniel Boulud, Jean-Georges Vongerichten, Eric Ripert, and Jacques… https://t.co/hiBbE4Zbxr",91,0.0,1.0,0.0,0.0
291,CNN,Sun Dec 24 19:30:11 +0000 2017,President Trump takes aim at top FBI officials https://t.co/0tb7VyWFg9 https://t.co/JLAYgAfsBT,92,0.167,0.833,0.0,0.2023
292,CNN,Sun Dec 24 19:15:12 +0000 2017,This is how President Trump's first year changed the Middle East https://t.co/quYdSwQRek https://t.co/zIyDJHix5G,93,0.0,1.0,0.0,0.0
293,CNN,Sun Dec 24 19:00:20 +0000 2017,Here's a look at this week in politics https://t.co/niRBOkhgjL https://t.co/h1ooWG96s7,94,0.0,1.0,0.0,0.0
294,CNN,Sun Dec 24 18:45:04 +0000 2017,A high school quarterback in North Carolina has found a home with his coach https://t.co/My6FnGOGZS https://t.co/DhSj4naPTY,95,0.0,1.0,0.0,0.0
295,CNN,Sun Dec 24 18:30:17 +0000 2017,A federal judge has lifted parts of President Trump's travel ban https://t.co/jPtayqd5kA https://t.co/04sbFwKdzA,96,0.0,0.753,0.247,-0.5574
296,CNN,Sun Dec 24 18:15:08 +0000 2017,"An American accused of fighting for ISIS will get legal counsel, judge says https://t.co/MPJ0tKhQoK https://t.co/1rwsUdZKNx",97,0.082,0.659,0.258,-0.4939
297,CNN,Sun Dec 24 18:00:23 +0000 2017,The North American Aerospace Defense Command’s official Santa tracker is following one sleigh and eight reindeer as… https://t.co/NYQbI6yo9k,98,0.081,0.919,0.0,0.128
298,CNN,Sun Dec 24 17:45:06 +0000 2017,Several people have been killed in a Christmas Eve plane crash in Florida https://t.co/9UkP36GnSl https://t.co/syUbf7tD6a,99,0.0,0.625,0.375,-0.802
299,CNN,Sun Dec 24 17:30:06 +0000 2017,"Moscow Ballet's ""Great Russian Nutcracker"" promotes peace https://t.co/aRqxPSulWj https://t.co/yP4AgIbC98",100,0.625,0.375,0.0,0.875
300,Fox News,Sun Dec 24 22:11:31 +0000 2017,.@TheJuanWilliams discusses his childhood #Christmas tradition that he's carried into his adult life. #TheFive https://t.co/sC4kECIJw3,1,0.0,1.0,0.0,0.0
301,Fox News,Sun Dec 24 22:11:27 +0000 2017,"On ""Fox &amp; Friends,"" Rev. Franklin Graham reacted to President Donald J. Trump's emphasis on the importance of menti… https://t.co/J1ttFdkI0t",2,0.116,0.884,0.0,0.3612
302,Fox News,Sun Dec 24 22:06:41 +0000 2017,"Trump's rails against 'fake news,' thanks veterans during busy Christmas Eve https://t.co/DL3x4HQVdf",3,0.181,0.625,0.194,-0.0516
303,Fox News,Sun Dec 24 22:03:14 +0000 2017,TUNE IN NOW to @TheFive's #Christmas Special on Fox News Channel! https://t.co/kIhihCW5eO,4,0.214,0.786,0.0,0.4574
304,Fox News,Sun Dec 24 21:56:32 +0000 2017,".@POTUS talks with overseas military leaders, delivers message Americans are 'incredibly grateful' https://t.co/e5biBKkxZK",5,0.215,0.785,0.0,0.5095
305,Fox News,Sun Dec 24 21:56:06 +0000 2017,"Ben Stein: ""It is a shame and it a disgrace that the overwhelming majority of negative votes in the @UN - the overw… https://t.co/oYXbLJ3zbJ",6,0.0,0.643,0.357,-0.875
306,Fox News,Sun Dec 24 21:50:26 +0000 2017,How to track Santa on #NORAD and Google Earth   https://t.co/RbGRdzNVWF,7,0.0,1.0,0.0,0.0
307,Fox News,Sun Dec 24 21:48:02 +0000 2017,"Earlier today, President @realDonaldTrump issued a missive against the ""fake news"" which he claims ignores the stre… https://t.co/RmMOUesMJA",8,0.0,0.743,0.257,-0.6369
308,Fox News,Sun Dec 24 21:46:02 +0000 2017,".@FreemanWSJ: ""You're looking at a lot of evidence that the senior leadership of this law enforcement agency was al… https://t.co/mhS0zZSNUf",9,0.0,1.0,0.0,0.0
309,Fox News,Sun Dec 24 21:45:02 +0000 2017,"MOMENTS AGO: @POTUS, @FLOTUS take part in phone call as NORAD tracks #Santa's movements. #Christmas https://t.co/Xuvivo84LL",10,0.0,1.0,0.0,0.0
310,Fox News,Sun Dec 24 21:41:36 +0000 2017,".@JerryBrownGov uses Christmas tradition to pardon two immigrants awaiting deportation, @WillCarrFNC reports.… https://t.co/XxULi6uQ0O",11,0.161,0.839,0.0,0.3182
311,Fox News,Sun Dec 24 21:39:01 +0000 2017,".@POTUS to troops: ""Every American heart is thankful to you and we're asking God to watch over you and to watch ove… https://t.co/gNNZpWRXQx",12,0.216,0.784,0.0,0.7003
312,Fox News,Sun Dec 24 21:38:10 +0000 2017,".@RepPeteKing: ""If there's any collusion issue here, to me it's the @FBI, it's the Clinton campaign, it's the Russi… https://t.co/cQeaPpqIT0",13,0.0,1.0,0.0,0.0
313,Fox News,Sun Dec 24 21:37:37 +0000 2017,"Gen. Lori Robinson on @NoradSanta: ""He's got radars that he can use. He's got aircraft that can help him out. But m… https://t.co/e9V45GbNwd",14,0.109,0.891,0.0,0.4019
314,Fox News,Sun Dec 24 21:31:41 +0000 2017,"This morning, President @realDonaldTrump held a video conference with several members of the U.S. military statione… https://t.co/rSkp8sTaXI",15,0.0,1.0,0.0,0.0
315,Fox News,Sun Dec 24 21:29:00 +0000 2017,".@KironSkinner on North Korea calling sanctions an ""act of war"": ""North Korea is out of options in terms of retalia… https://t.co/5NbFGld9x7",16,0.0,1.0,0.0,0.0
316,Fox News,Sun Dec 24 21:26:17 +0000 2017,Flake warns: Trump headed for GOP primary challenge in 2020 https://t.co/qJht00K8U9,17,0.111,0.769,0.12,-0.0258
317,Fox News,Sun Dec 24 21:23:47 +0000 2017,Texas police save Christmas for family after gifts stolen from truck https://t.co/xp2ebOrkDR,18,0.195,0.61,0.195,0.0
318,Fox News,Sun Dec 24 21:22:08 +0000 2017,"Clifford May on @POTUS' national security strategy: ""President @realDonaldTrump believes that we should be leading… https://t.co/AeOZPqpIGM",19,0.138,0.862,0.0,0.34
319,Fox News,Sun Dec 24 21:19:00 +0000 2017,"MOMENTS AGO: @POTUS, @FLOTUS take part in phone call as NORAD tracks #Santa's movements. #Christmas https://t.co/2JjtdWZEhu",20,0.0,1.0,0.0,0.0
320,Fox News,Sun Dec 24 22:11:31 +0000 2017,.@TheJuanWilliams discusses his childhood #Christmas tradition that he's carried into his adult life. #TheFive https://t.co/sC4kECIJw3,21,0.0,1.0,0.0,0.0
321,Fox News,Sun Dec 24 22:11:27 +0000 2017,"On ""Fox &amp; Friends,"" Rev. Franklin Graham reacted to President Donald J. Trump's emphasis on the importance of menti… https://t.co/J1ttFdkI0t",22,0.116,0.884,0.0,0.3612
322,Fox News,Sun Dec 24 22:06:41 +0000 2017,"Trump's rails against 'fake news,' thanks veterans during busy Christmas Eve https://t.co/DL3x4HQVdf",23,0.181,0.625,0.194,-0.0516
323,Fox News,Sun Dec 24 22:03:14 +0000 2017,TUNE IN NOW to @TheFive's #Christmas Special on Fox News Channel! https://t.co/kIhihCW5eO,24,0.214,0.786,0.0,0.4574
324,Fox News,Sun Dec 24 21:56:32 +0000 2017,".@POTUS talks with overseas military leaders, delivers message Americans are 'incredibly grateful' https://t.co/e5biBKkxZK",25,0.215,0.785,0.0,0.5095
325,Fox News,Sun Dec 24 21:56:06 +0000 2017,"Ben Stein: ""It is a shame and it a disgrace that the overwhelming majority of negative votes in the @UN - the overw… https://t.co/oYXbLJ3zbJ",26,0.0,0.643,0.357,-0.875
326,Fox News,Sun Dec 24 21:50:26 +0000 2017,How to track Santa on #NORAD and Google Earth   https://t.co/RbGRdzNVWF,27,0.0,1.0,0.0,0.0
327,Fox News,Sun Dec 24 21:48:02 +0000 2017,"Earlier today, President @realDonaldTrump issued a missive against the ""fake news"" which he claims ignores the stre… https://t.co/RmMOUesMJA",28,0.0,0.743,0.257,-0.6369
328,Fox News,Sun Dec 24 21:46:02 +0000 2017,".@FreemanWSJ: ""You're looking at a lot of evidence that the senior leadership of this law enforcement agency was al… https://t.co/mhS0zZSNUf",29,0.0,1.0,0.0,0.0
329,Fox News,Sun Dec 24 21:45:02 +0000 2017,"MOMENTS AGO: @POTUS, @FLOTUS take part in phone call as NORAD tracks #Santa's movements. #Christmas https://t.co/Xuvivo84LL",30,0.0,1.0,0.0,0.0
330,Fox News,Sun Dec 24 21:41:36 +0000 2017,".@JerryBrownGov uses Christmas tradition to pardon two immigrants awaiting deportation, @WillCarrFNC reports.… https://t.co/XxULi6uQ0O",31,0.161,0.839,0.0,0.3182
331,Fox News,Sun Dec 24 21:39:01 +0000 2017,".@POTUS to troops: ""Every American heart is thankful to you and we're asking God to watch over you and to watch ove… https://t.co/gNNZpWRXQx",32,0.216,0.784,0.0,0.7003
332,Fox News,Sun Dec 24 21:38:10 +0000 2017,".@RepPeteKing: ""If there's any collusion issue here, to me it's the @FBI, it's the Clinton campaign, it's the Russi… https://t.co/cQeaPpqIT0",33,0.0,1.0,0.0,0.0
333,Fox News,Sun Dec 24 21:37:37 +0000 2017,"Gen. Lori Robinson on @NoradSanta: ""He's got radars that he can use. He's got aircraft that can help him out. But m… https://t.co/e9V45GbNwd",34,0.109,0.891,0.0,0.4019
334,Fox News,Sun Dec 24 21:31:41 +0000 2017,"This morning, President @realDonaldTrump held a video conference with several members of the U.S. military statione… https://t.co/rSkp8sTaXI",35,0.0,1.0,0.0,0.0
335,Fox News,Sun Dec 24 21:29:00 +0000 2017,".@KironSkinner on North Korea calling sanctions an ""act of war"": ""North Korea is out of options in terms of retalia… https://t.co/5NbFGld9x7",36,0.0,1.0,0.0,0.0
336,Fox News,Sun Dec 24 21:26:17 +0000 2017,Flake warns: Trump headed for GOP primary challenge in 2020 https://t.co/qJht00K8U9,37,0.111,0.769,0.12,-0.0258
337,Fox News,Sun Dec 24 21:23:47 +0000 2017,Texas police save Christmas for family after gifts stolen from truck https://t.co/xp2ebOrkDR,38,0.195,0.61,0.195,0.0
338,Fox News,Sun Dec 24 21:22:08 +0000 2017,"Clifford May on @POTUS' national security strategy: ""President @realDonaldTrump believes that we should be leading… https://t.co/AeOZPqpIGM",39,0.138,0.862,0.0,0.34
339,Fox News,Sun Dec 24 21:19:00 +0000 2017,"MOMENTS AGO: @POTUS, @FLOTUS take part in phone call as NORAD tracks #Santa's movements. #Christmas https://t.co/2JjtdWZEhu",40,0.0,1.0,0.0,0.0
340,Fox News,Sun Dec 24 22:11:31 +0000 2017,.@TheJuanWilliams discusses his childhood #Christmas tradition that he's carried into his adult life. #TheFive https://t.co/sC4kECIJw3,41,0.0,1.0,0.0,0.0
341,Fox News,Sun Dec 24 22:11:27 +0000 2017,"On ""Fox &amp; Friends,"" Rev. Franklin Graham reacted to President Donald J. Trump's emphasis on the importance of menti… https://t.co/J1ttFdkI0t",42,0.116,0.884,0.0,0.3612
342,Fox News,Sun Dec 24 22:06:41 +0000 2017,"Trump's rails against 'fake news,' thanks veterans during busy Christmas Eve https://t.co/DL3x4HQVdf",43,0.181,0.625,0.194,-0.0516
343,Fox News,Sun Dec 24 22:03:14 +0000 2017,TUNE IN NOW to @TheFive's #Christmas Special on Fox News Channel! https://t.co/kIhihCW5eO,44,0.214,0.786,0.0,0.4574
344,Fox News,Sun Dec 24 21:56:32 +0000 2017,".@POTUS talks with overseas military leaders, delivers message Americans are 'incredibly grateful' https://t.co/e5biBKkxZK",45,0.215,0.785,0.0,0.5095
345,Fox News,Sun Dec 24 21:56:06 +0000 2017,"Ben Stein: ""It is a shame and it a disgrace that the overwhelming majority of negative votes in the @UN - the overw… https://t.co/oYXbLJ3zbJ",46,0.0,0.643,0.357,-0.875
346,Fox News,Sun Dec 24 21:50:26 +0000 2017,How to track Santa on #NORAD and Google Earth   https://t.co/RbGRdzNVWF,47,0.0,1.0,0.0,0.0
347,Fox News,Sun Dec 24 21:48:02 +0000 2017,"Earlier today, President @realDonaldTrump issued a missive against the ""fake news"" which he claims ignores the stre… https://t.co/RmMOUesMJA",48,0.0,0.743,0.257,-0.6369
348,Fox News,Sun Dec 24 21:46:02 +0000 2017,".@FreemanWSJ: ""You're looking at a lot of evidence that the senior leadership of this law enforcement agency was al… https://t.co/mhS0zZSNUf",49,0.0,1.0,0.0,0.0
349,Fox News,Sun Dec 24 21:45:02 +0000 2017,"MOMENTS AGO: @POTUS, @FLOTUS take part in phone call as NORAD tracks #Santa's movements. #Christmas https://t.co/Xuvivo84LL",50,0.0,1.0,0.0,0.0
350,Fox News,Sun Dec 24 21:41:36 +0000 2017,".@JerryBrownGov uses Christmas tradition to pardon two immigrants awaiting deportation, @WillCarrFNC reports.… https://t.co/XxULi6uQ0O",51,0.161,0.839,0.0,0.3182
351,Fox News,Sun Dec 24 21:39:01 +0000 2017,".@POTUS to troops: ""Every American heart is thankful to you and we're asking God to watch over you and to watch ove… https://t.co/gNNZpWRXQx",52,0.216,0.784,0.0,0.7003
352,Fox News,Sun Dec 24 21:38:10 +0000 2017,".@RepPeteKing: ""If there's any collusion issue here, to me it's the @FBI, it's the Clinton campaign, it's the Russi… https://t.co/cQeaPpqIT0",53,0.0,1.0,0.0,0.0
353,Fox News,Sun Dec 24 21:37:37 +0000 2017,"Gen. Lori Robinson on @NoradSanta: ""He's got radars that he can use. He's got aircraft that can help him out. But m… https://t.co/e9V45GbNwd",54,0.109,0.891,0.0,0.4019
354,Fox News,Sun Dec 24 21:31:41 +0000 2017,"This morning, President @realDonaldTrump held a video conference with several members of the U.S. military statione… https://t.co/rSkp8sTaXI",55,0.0,1.0,0.0,0.0
355,Fox News,Sun Dec 24 21:29:00 +0000 2017,".@KironSkinner on North Korea calling sanctions an ""act of war"": ""North Korea is out of options in terms of retalia… https://t.co/5NbFGld9x7",56,0.0,1.0,0.0,0.0
356,Fox News,Sun Dec 24 21:26:17 +0000 2017,Flake warns: Trump headed for GOP primary challenge in 2020 https://t.co/qJht00K8U9,57,0.111,0.769,0.12,-0.0258
357,Fox News,Sun Dec 24 21:23:47 +0000 2017,Texas police save Christmas for family after gifts stolen from truck https://t.co/xp2ebOrkDR,58,0.195,0.61,0.195,0.0
358,Fox News,Sun Dec 24 21:22:08 +0000 2017,"Clifford May on @POTUS' national security strategy: ""President @realDonaldTrump believes that we should be leading… https://t.co/AeOZPqpIGM",59,0.138,0.862,0.0,0.34
359,Fox News,Sun Dec 24 21:19:00 +0000 2017,"MOMENTS AGO: @POTUS, @FLOTUS take part in phone call as NORAD tracks #Santa's movements. #Christmas https://t.co/2JjtdWZEhu",60,0.0,1.0,0.0,0.0
360,Fox News,Sun Dec 24 22:11:31 +0000 2017,.@TheJuanWilliams discusses his childhood #Christmas tradition that he's carried into his adult life. #TheFive https://t.co/sC4kECIJw3,61,0.0,1.0,0.0,0.0
361,Fox News,Sun Dec 24 22:11:27 +0000 2017,"On ""Fox &amp; Friends,"" Rev. Franklin Graham reacted to President Donald J. Trump's emphasis on the importance of menti… https://t.co/J1ttFdkI0t",62,0.116,0.884,0.0,0.3612
362,Fox News,Sun Dec 24 22:06:41 +0000 2017,"Trump's rails against 'fake news,' thanks veterans during busy Christmas Eve https://t.co/DL3x4HQVdf",63,0.181,0.625,0.194,-0.0516
363,Fox News,Sun Dec 24 22:03:14 +0000 2017,TUNE IN NOW to @TheFive's #Christmas Special on Fox News Channel! https://t.co/kIhihCW5eO,64,0.214,0.786,0.0,0.4574
364,Fox News,Sun Dec 24 21:56:32 +0000 2017,".@POTUS talks with overseas military leaders, delivers message Americans are 'incredibly grateful' https://t.co/e5biBKkxZK",65,0.215,0.785,0.0,0.5095
365,Fox News,Sun Dec 24 21:56:06 +0000 2017,"Ben Stein: ""It is a shame and it a disgrace that the overwhelming majority of negative votes in the @UN - the overw… https://t.co/oYXbLJ3zbJ",66,0.0,0.643,0.357,-0.875
366,Fox News,Sun Dec 24 21:50:26 +0000 2017,How to track Santa on #NORAD and Google Earth   https://t.co/RbGRdzNVWF,67,0.0,1.0,0.0,0.0
367,Fox News,Sun Dec 24 21:48:02 +0000 2017,"Earlier today, President @realDonaldTrump issued a missive against the ""fake news"" which he claims ignores the stre… https://t.co/RmMOUesMJA",68,0.0,0.743,0.257,-0.6369
368,Fox News,Sun Dec 24 21:46:02 +0000 2017,".@FreemanWSJ: ""You're looking at a lot of evidence that the senior leadership of this law enforcement agency was al… https://t.co/mhS0zZSNUf",69,0.0,1.0,0.0,0.0
369,Fox News,Sun Dec 24 21:45:02 +0000 2017,"MOMENTS AGO: @POTUS, @FLOTUS take part in phone call as NORAD tracks #Santa's movements. #Christmas https://t.co/Xuvivo84LL",70,0.0,1.0,0.0,0.0
370,Fox News,Sun Dec 24 21:41:36 +0000 2017,".@JerryBrownGov uses Christmas tradition to pardon two immigrants awaiting deportation, @WillCarrFNC reports.… https://t.co/XxULi6uQ0O",71,0.161,0.839,0.0,0.3182
371,Fox News,Sun Dec 24 21:39:01 +0000 2017,".@POTUS to troops: ""Every American heart is thankful to you and we're asking God to watch over you and to watch ove… https://t.co/gNNZpWRXQx",72,0.216,0.784,0.0,0.7003
372,Fox News,Sun Dec 24 21:38:10 +0000 2017,".@RepPeteKing: ""If there's any collusion issue here, to me it's the @FBI, it's the Clinton campaign, it's the Russi… https://t.co/cQeaPpqIT0",73,0.0,1.0,0.0,0.0
373,Fox News,Sun Dec 24 21:37:37 +0000 2017,"Gen. Lori Robinson on @NoradSanta: ""He's got radars that he can use. He's got aircraft that can help him out. But m… https://t.co/e9V45GbNwd",74,0.109,0.891,0.0,0.4019
374,Fox News,Sun Dec 24 21:31:41 +0000 2017,"This morning, President @realDonaldTrump held a video conference with several members of the U.S. military statione… https://t.co/rSkp8sTaXI",75,0.0,1.0,0.0,0.0
375,Fox News,Sun Dec 24 21:29:00 +0000 2017,".@KironSkinner on North Korea calling sanctions an ""act of war"": ""North Korea is out of options in terms of retalia… https://t.co/5NbFGld9x7",76,0.0,1.0,0.0,0.0
376,Fox News,Sun Dec 24 21:26:17 +0000 2017,Flake warns: Trump headed for GOP primary challenge in 2020 https://t.co/qJht00K8U9,77,0.111,0.769,0.12,-0.0258
377,Fox News,Sun Dec 24 21:23:47 +0000 2017,Texas police save Christmas for family after gifts stolen from truck https://t.co/xp2ebOrkDR,78,0.195,0.61,0.195,0.0
378,Fox News,Sun Dec 24 21:22:08 +0000 2017,"Clifford May on @POTUS' national security strategy: ""President @realDonaldTrump believes that we should be leading… https://t.co/AeOZPqpIGM",79,0.138,0.862,0.0,0.34
379,Fox News,Sun Dec 24 21:19:00 +0000 2017,"MOMENTS AGO: @POTUS, @FLOTUS take part in phone call as NORAD tracks #Santa's movements. #Christmas https://t.co/2JjtdWZEhu",80,0.0,1.0,0.0,0.0
380,Fox News,Sun Dec 24 22:11:31 +0000 2017,.@TheJuanWilliams discusses his childhood #Christmas tradition that he's carried into his adult life. #TheFive https://t.co/sC4kECIJw3,81,0.0,1.0,0.0,0.0
381,Fox News,Sun Dec 24 22:11:27 +0000 2017,"On ""Fox &amp; Friends,"" Rev. Franklin Graham reacted to President Donald J. Trump's emphasis on the importance of menti… https://t.co/J1ttFdkI0t",82,0.116,0.884,0.0,0.3612
382,Fox News,Sun Dec 24 22:06:41 +0000 2017,"Trump's rails against 'fake news,' thanks veterans during busy Christmas Eve https://t.co/DL3x4HQVdf",83,0.181,0.625,0.194,-0.0516
383,Fox News,Sun Dec 24 22:03:14 +0000 2017,TUNE IN NOW to @TheFive's #Christmas Special on Fox News Channel! https://t.co/kIhihCW5eO,84,0.214,0.786,0.0,0.4574
384,Fox News,Sun Dec 24 21:56:32 +0000 2017,".@POTUS talks with overseas military leaders, delivers message Americans are 'incredibly grateful' https://t.co/e5biBKkxZK",85,0.215,0.785,0.0,0.5095
385,Fox News,Sun Dec 24 21:56:06 +0000 2017,"Ben Stein: ""It is a shame and it a disgrace that the overwhelming majority of negative votes in the @UN - the overw… https://t.co/oYXbLJ3zbJ",86,0.0,0.643,0.357,-0.875
386,Fox News,Sun Dec 24 21:50:26 +0000 2017,How to track Santa on #NORAD and Google Earth   https://t.co/RbGRdzNVWF,87,0.0,1.0,0.0,0.0
387,Fox News,Sun Dec 24 21:48:02 +0000 2017,"Earlier today, President @realDonaldTrump issued a missive against the ""fake news"" which he claims ignores the stre… https://t.co/RmMOUesMJA",88,0.0,0.743,0.257,-0.6369
388,Fox News,Sun Dec 24 21:46:02 +0000 2017,".@FreemanWSJ: ""You're looking at a lot of evidence that the senior leadership of this law enforcement agency was al… https://t.co/mhS0zZSNUf",89,0.0,1.0,0.0,0.0
389,Fox News,Sun Dec 24 21:45:02 +0000 2017,"MOMENTS AGO: @POTUS, @FLOTUS take part in phone call as NORAD tracks #Santa's movements. #Christmas https://t.co/Xuvivo84LL",90,0.0,1.0,0.0,0.0
390,Fox News,Sun Dec 24 21:41:36 +0000 2017,".@JerryBrownGov uses Christmas tradition to pardon two immigrants awaiting deportation, @WillCarrFNC reports.… https://t.co/XxULi6uQ0O",91,0.161,0.839,0.0,0.3182
391,Fox News,Sun Dec 24 21:39:01 +0000 2017,".@POTUS to troops: ""Every American heart is thankful to you and we're asking God to watch over you and to watch ove… https://t.co/gNNZpWRXQx",92,0.216,0.784,0.0,0.7003
392,Fox News,Sun Dec 24 21:38:10 +0000 2017,".@RepPeteKing: ""If there's any collusion issue here, to me it's the @FBI, it's the Clinton campaign, it's the Russi… https://t.co/cQeaPpqIT0",93,0.0,1.0,0.0,0.0
393,Fox News,Sun Dec 24 21:37:37 +0000 2017,"Gen. Lori Robinson on @NoradSanta: ""He's got radars that he can use. He's got aircraft that can help him out. But m… https://t.co/e9V45GbNwd",94,0.109,0.891,0.0,0.4019
394,Fox News,Sun Dec 24 21:31:41 +0000 2017,"This morning, President @realDonaldTrump held a video conference with several members of the U.S. military statione… https://t.co/rSkp8sTaXI",95,0.0,1.0,0.0,0.0
395,Fox News,Sun Dec 24 21:29:00 +0000 2017,".@KironSkinner on North Korea calling sanctions an ""act of war"": ""North Korea is out of options in terms of retalia… https://t.co/5NbFGld9x7",96,0.0,1.0,0.0,0.0
396,Fox News,Sun Dec 24 21:26:17 +0000 2017,Flake warns: Trump headed for GOP primary challenge in 2020 https://t.co/qJht00K8U9,97,0.111,0.769,0.12,-0.0258
397,Fox News,Sun Dec 24 21:23:47 +0000 2017,Texas police save Christmas for family after gifts stolen from truck https://t.co/xp2ebOrkDR,98,0.195,0.61,0.195,0.0
398,Fox News,Sun Dec 24 21:22:08 +0000 2017,"Clifford May on @POTUS' national security strategy: ""President @realDonaldTrump believes that we should be leading… https://t.co/AeOZPqpIGM",99,0.138,0.862,0.0,0.34
399,Fox News,Sun Dec 24 21:19:00 +0000 2017,"MOMENTS AGO: @POTUS, @FLOTUS take part in phone call as NORAD tracks #Santa's movements. #Christmas https://t.co/2JjtdWZEhu",100,0.0,1.0,0.0,0.0
400,The New York Times,Sun Dec 24 22:15:03 +0000 2017,Democrats are contesting virtually every Republican-held House seat in 2018 https://t.co/JbNG1BhpQ6,1,0.0,1.0,0.0,0.0
401,The New York Times,Sun Dec 24 22:05:03 +0000 2017,Every Who down in Whoville liked Christmas a lot / But their toys were all purchased and resold by a bot https://t.co/BIQUbibbRq,2,0.135,0.865,0.0,0.4215
402,The New York Times,Sun Dec 24 22:00:11 +0000 2017,And read how New York Times journalists were able to document this experience without climbing the mountain: https://t.co/wpy7wIc0HW,3,0.0,1.0,0.0,0.0
403,The New York Times,Sun Dec 24 21:59:29 +0000 2017,Read the full story here: https://t.co/CuFZWN5diK,4,0.0,1.0,0.0,0.0
404,The New York Times,Sun Dec 24 21:58:39 +0000 2017,"""These men undoubtedly did not want to die, but this was an opportunity to be more than someone who made a few hund… https://t.co/iX4AVZVY2k",5,0.215,0.744,0.041,0.687
405,The New York Times,Sun Dec 24 21:57:17 +0000 2017,"Another reader said it was a ""heart-rending and inspiring story of indomitable human spirit,"" and that we all take… https://t.co/Xrm4FLdVPb",6,0.135,0.865,0.0,0.4215
406,The New York Times,Sun Dec 24 21:55:50 +0000 2017,"Readers debated what motivated climbers to attempt such a feat. One considered climbing Mount Everest an ""egotistic… https://t.co/ryYxmv6Xbz",7,0.158,0.842,0.0,0.4588
407,The New York Times,Sun Dec 24 21:54:52 +0000 2017,"In today's paper, a 16-page special section documents the vivid and solemn journey to recover the bodies of those w… https://t.co/RLFPku9TWI",8,0.123,0.818,0.059,0.34
408,The New York Times,Sun Dec 24 21:45:09 +0000 2017,Every generation had its must-have toys. Here are some stories behind them. https://t.co/fwvHO4h51F,9,0.0,1.0,0.0,0.0
409,The New York Times,Sun Dec 24 21:30:06 +0000 2017,"He's 83. She's 80. They were traveling with 60 pounds of marijuana, which they said was intended for Christmas gift… https://t.co/bvcWNEBICl",10,0.0,1.0,0.0,0.0
410,The New York Times,Sun Dec 24 21:15:05 +0000 2017,"The demolition of schools for migrant children has driven 15,000 students out of their classrooms https://t.co/iBdm2kvVGJ",11,0.0,1.0,0.0,0.0
411,The New York Times,Sun Dec 24 21:00:11 +0000 2017,"Navigation apps like Waze are bringing bumper-to-bumper traffic to quiet neighborhoods, forcing towns to grapple wi… https://t.co/dKMhrLrxEi",12,0.135,0.865,0.0,0.3612
412,The New York Times,Sun Dec 24 20:45:10 +0000 2017,"In the wake of extraordinary turnout among black voters, questions remain about the role and impact of voting restr… https://t.co/JQaMQxy1iF",13,0.0,1.0,0.0,0.0
413,The New York Times,Sun Dec 24 20:30:13 +0000 2017,"The actor Billy Crudup explains how he becomes 19 characters in David Cale’s play “Harry Clarke"" https://t.co/sWdbTHBpKZ",14,0.13,0.87,0.0,0.34
414,The New York Times,Sun Dec 24 20:15:12 +0000 2017,Watch: A blind Syrian refugee finds his way in New York #Daily360 https://t.co/DVcbARbguH https://t.co/uhq5qhvOoY,15,0.0,0.816,0.184,-0.4019
415,The New York Times,Sun Dec 24 20:00:11 +0000 2017,"“All the Money in the World,"" starring Christopher Plummer (replacing Kevin Spacey), is a critic's pick https://t.co/4TJJfYen9x",16,0.0,1.0,0.0,0.0
416,The New York Times,Sun Dec 24 19:45:05 +0000 2017,A New York Times investigation has found 4 settlements involving allegations of sexual harassment or defamation aga… https://t.co/Yd8nQKTSTr,17,0.0,0.811,0.189,-0.5423
417,The New York Times,Sun Dec 24 19:30:10 +0000 2017,"“Within the male-dominated Vatican, to give such a prominent role to a woman was very good news"" https://t.co/VodqcjwCyt",18,0.282,0.718,0.0,0.6697
418,The New York Times,Sun Dec 24 19:15:12 +0000 2017,The latest campaign of gang rape against the Rohingya has been so brutal and systematic that a UN representative ca… https://t.co/U0vLd2QNjw,19,0.0,0.644,0.356,-0.8988
419,The New York Times,Sun Dec 24 19:00:22 +0000 2017,"Whatever kind of Christmas Eve you want, it’s probably on television tonight https://t.co/UqcLVGWQlV",20,0.098,0.902,0.0,0.0772
420,The New York Times,Sun Dec 24 22:15:03 +0000 2017,Democrats are contesting virtually every Republican-held House seat in 2018 https://t.co/JbNG1BhpQ6,21,0.0,1.0,0.0,0.0
421,The New York Times,Sun Dec 24 22:05:03 +0000 2017,Every Who down in Whoville liked Christmas a lot / But their toys were all purchased and resold by a bot https://t.co/BIQUbibbRq,22,0.135,0.865,0.0,0.4215
422,The New York Times,Sun Dec 24 22:00:11 +0000 2017,And read how New York Times journalists were able to document this experience without climbing the mountain: https://t.co/wpy7wIc0HW,23,0.0,1.0,0.0,0.0
423,The New York Times,Sun Dec 24 21:59:29 +0000 2017,Read the full story here: https://t.co/CuFZWN5diK,24,0.0,1.0,0.0,0.0
424,The New York Times,Sun Dec 24 21:58:39 +0000 2017,"""These men undoubtedly did not want to die, but this was an opportunity to be more than someone who made a few hund… https://t.co/iX4AVZVY2k",25,0.215,0.744,0.041,0.687
425,The New York Times,Sun Dec 24 21:57:17 +0000 2017,"Another reader said it was a ""heart-rending and inspiring story of indomitable human spirit,"" and that we all take… https://t.co/Xrm4FLdVPb",26,0.135,0.865,0.0,0.4215
426,The New York Times,Sun Dec 24 21:55:50 +0000 2017,"Readers debated what motivated climbers to attempt such a feat. One considered climbing Mount Everest an ""egotistic… https://t.co/ryYxmv6Xbz",27,0.158,0.842,0.0,0.4588
427,The New York Times,Sun Dec 24 21:54:52 +0000 2017,"In today's paper, a 16-page special section documents the vivid and solemn journey to recover the bodies of those w… https://t.co/RLFPku9TWI",28,0.123,0.818,0.059,0.34
428,The New York Times,Sun Dec 24 21:45:09 +0000 2017,Every generation had its must-have toys. Here are some stories behind them. https://t.co/fwvHO4h51F,29,0.0,1.0,0.0,0.0
429,The New York Times,Sun Dec 24 21:30:06 +0000 2017,"He's 83. She's 80. They were traveling with 60 pounds of marijuana, which they said was intended for Christmas gift… https://t.co/bvcWNEBICl",30,0.0,1.0,0.0,0.0
430,The New York Times,Sun Dec 24 21:15:05 +0000 2017,"The demolition of schools for migrant children has driven 15,000 students out of their classrooms https://t.co/iBdm2kvVGJ",31,0.0,1.0,0.0,0.0
431,The New York Times,Sun Dec 24 21:00:11 +0000 2017,"Navigation apps like Waze are bringing bumper-to-bumper traffic to quiet neighborhoods, forcing towns to grapple wi… https://t.co/dKMhrLrxEi",32,0.135,0.865,0.0,0.3612
432,The New York Times,Sun Dec 24 20:45:10 +0000 2017,"In the wake of extraordinary turnout among black voters, questions remain about the role and impact of voting restr… https://t.co/JQaMQxy1iF",33,0.0,1.0,0.0,0.0
433,The New York Times,Sun Dec 24 20:30:13 +0000 2017,"The actor Billy Crudup explains how he becomes 19 characters in David Cale’s play “Harry Clarke"" https://t.co/sWdbTHBpKZ",34,0.13,0.87,0.0,0.34
434,The New York Times,Sun Dec 24 20:15:12 +0000 2017,Watch: A blind Syrian refugee finds his way in New York #Daily360 https://t.co/DVcbARbguH https://t.co/uhq5qhvOoY,35,0.0,0.816,0.184,-0.4019
435,The New York Times,Sun Dec 24 20:00:11 +0000 2017,"“All the Money in the World,"" starring Christopher Plummer (replacing Kevin Spacey), is a critic's pick https://t.co/4TJJfYen9x",36,0.0,1.0,0.0,0.0
436,The New York Times,Sun Dec 24 19:45:05 +0000 2017,A New York Times investigation has found 4 settlements involving allegations of sexual harassment or defamation aga… https://t.co/Yd8nQKTSTr,37,0.0,0.811,0.189,-0.5423
437,The New York Times,Sun Dec 24 19:30:10 +0000 2017,"“Within the male-dominated Vatican, to give such a prominent role to a woman was very good news"" https://t.co/VodqcjwCyt",38,0.282,0.718,0.0,0.6697
438,The New York Times,Sun Dec 24 19:15:12 +0000 2017,The latest campaign of gang rape against the Rohingya has been so brutal and systematic that a UN representative ca… https://t.co/U0vLd2QNjw,39,0.0,0.644,0.356,-0.8988
439,The New York Times,Sun Dec 24 19:00:22 +0000 2017,"Whatever kind of Christmas Eve you want, it’s probably on television tonight https://t.co/UqcLVGWQlV",40,0.098,0.902,0.0,0.0772
440,The New York Times,Sun Dec 24 22:15:03 +0000 2017,Democrats are contesting virtually every Republican-held House seat in 2018 https://t.co/JbNG1BhpQ6,41,0.0,1.0,0.0,0.0
441,The New York Times,Sun Dec 24 22:05:03 +0000 2017,Every Who down in Whoville liked Christmas a lot / But their toys were all purchased and resold by a bot https://t.co/BIQUbibbRq,42,0.135,0.865,0.0,0.4215
442,The New York Times,Sun Dec 24 22:00:11 +0000 2017,And read how New York Times journalists were able to document this experience without climbing the mountain: https://t.co/wpy7wIc0HW,43,0.0,1.0,0.0,0.0
443,The New York Times,Sun Dec 24 21:59:29 +0000 2017,Read the full story here: https://t.co/CuFZWN5diK,44,0.0,1.0,0.0,0.0
444,The New York Times,Sun Dec 24 21:58:39 +0000 2017,"""These men undoubtedly did not want to die, but this was an opportunity to be more than someone who made a few hund… https://t.co/iX4AVZVY2k",45,0.215,0.744,0.041,0.687
445,The New York Times,Sun Dec 24 21:57:17 +0000 2017,"Another reader said it was a ""heart-rending and inspiring story of indomitable human spirit,"" and that we all take… https://t.co/Xrm4FLdVPb",46,0.135,0.865,0.0,0.4215
446,The New York Times,Sun Dec 24 21:55:50 +0000 2017,"Readers debated what motivated climbers to attempt such a feat. One considered climbing Mount Everest an ""egotistic… https://t.co/ryYxmv6Xbz",47,0.158,0.842,0.0,0.4588
447,The New York Times,Sun Dec 24 21:54:52 +0000 2017,"In today's paper, a 16-page special section documents the vivid and solemn journey to recover the bodies of those w… https://t.co/RLFPku9TWI",48,0.123,0.818,0.059,0.34
448,The New York Times,Sun Dec 24 21:45:09 +0000 2017,Every generation had its must-have toys. Here are some stories behind them. https://t.co/fwvHO4h51F,49,0.0,1.0,0.0,0.0
449,The New York Times,Sun Dec 24 21:30:06 +0000 2017,"He's 83. She's 80. They were traveling with 60 pounds of marijuana, which they said was intended for Christmas gift… https://t.co/bvcWNEBICl",50,0.0,1.0,0.0,0.0
450,The New York Times,Sun Dec 24 21:15:05 +0000 2017,"The demolition of schools for migrant children has driven 15,000 students out of their classrooms https://t.co/iBdm2kvVGJ",51,0.0,1.0,0.0,0.0
451,The New York Times,Sun Dec 24 21:00:11 +0000 2017,"Navigation apps like Waze are bringing bumper-to-bumper traffic to quiet neighborhoods, forcing towns to grapple wi… https://t.co/dKMhrLrxEi",52,0.135,0.865,0.0,0.3612
452,The New York Times,Sun Dec 24 20:45:10 +0000 2017,"In the wake of extraordinary turnout among black voters, questions remain about the role and impact of voting restr… https://t.co/JQaMQxy1iF",53,0.0,1.0,0.0,0.0
453,The New York Times,Sun Dec 24 20:30:13 +0000 2017,"The actor Billy Crudup explains how he becomes 19 characters in David Cale’s play “Harry Clarke"" https://t.co/sWdbTHBpKZ",54,0.13,0.87,0.0,0.34
454,The New York Times,Sun Dec 24 20:15:12 +0000 2017,Watch: A blind Syrian refugee finds his way in New York #Daily360 https://t.co/DVcbARbguH https://t.co/uhq5qhvOoY,55,0.0,0.816,0.184,-0.4019
455,The New York Times,Sun Dec 24 20:00:11 +0000 2017,"“All the Money in the World,"" starring Christopher Plummer (replacing Kevin Spacey), is a critic's pick https://t.co/4TJJfYen9x",56,0.0,1.0,0.0,0.0
456,The New York Times,Sun Dec 24 19:45:05 +0000 2017,A New York Times investigation has found 4 settlements involving allegations of sexual harassment or defamation aga… https://t.co/Yd8nQKTSTr,57,0.0,0.811,0.189,-0.5423
457,The New York Times,Sun Dec 24 19:30:10 +0000 2017,"“Within the male-dominated Vatican, to give such a prominent role to a woman was very good news"" https://t.co/VodqcjwCyt",58,0.282,0.718,0.0,0.6697
458,The New York Times,Sun Dec 24 19:15:12 +0000 2017,The latest campaign of gang rape against the Rohingya has been so brutal and systematic that a UN representative ca… https://t.co/U0vLd2QNjw,59,0.0,0.644,0.356,-0.8988
459,The New York Times,Sun Dec 24 19:00:22 +0000 2017,"Whatever kind of Christmas Eve you want, it’s probably on television tonight https://t.co/UqcLVGWQlV",60,0.098,0.902,0.0,0.0772
460,The New York Times,Sun Dec 24 22:15:03 +0000 2017,Democrats are contesting virtually every Republican-held House seat in 2018 https://t.co/JbNG1BhpQ6,61,0.0,1.0,0.0,0.0
461,The New York Times,Sun Dec 24 22:05:03 +0000 2017,Every Who down in Whoville liked Christmas a lot / But their toys were all purchased and resold by a bot https://t.co/BIQUbibbRq,62,0.135,0.865,0.0,0.4215
462,The New York Times,Sun Dec 24 22:00:11 +0000 2017,And read how New York Times journalists were able to document this experience without climbing the mountain: https://t.co/wpy7wIc0HW,63,0.0,1.0,0.0,0.0
463,The New York Times,Sun Dec 24 21:59:29 +0000 2017,Read the full story here: https://t.co/CuFZWN5diK,64,0.0,1.0,0.0,0.0
464,The New York Times,Sun Dec 24 21:58:39 +0000 2017,"""These men undoubtedly did not want to die, but this was an opportunity to be more than someone who made a few hund… https://t.co/iX4AVZVY2k",65,0.215,0.744,0.041,0.687
465,The New York Times,Sun Dec 24 21:57:17 +0000 2017,"Another reader said it was a ""heart-rending and inspiring story of indomitable human spirit,"" and that we all take… https://t.co/Xrm4FLdVPb",66,0.135,0.865,0.0,0.4215
466,The New York Times,Sun Dec 24 21:55:50 +0000 2017,"Readers debated what motivated climbers to attempt such a feat. One considered climbing Mount Everest an ""egotistic… https://t.co/ryYxmv6Xbz",67,0.158,0.842,0.0,0.4588
467,The New York Times,Sun Dec 24 21:54:52 +0000 2017,"In today's paper, a 16-page special section documents the vivid and solemn journey to recover the bodies of those w… https://t.co/RLFPku9TWI",68,0.123,0.818,0.059,0.34
468,The New York Times,Sun Dec 24 21:45:09 +0000 2017,Every generation had its must-have toys. Here are some stories behind them. https://t.co/fwvHO4h51F,69,0.0,1.0,0.0,0.0
469,The New York Times,Sun Dec 24 21:30:06 +0000 2017,"He's 83. She's 80. They were traveling with 60 pounds of marijuana, which they said was intended for Christmas gift… https://t.co/bvcWNEBICl",70,0.0,1.0,0.0,0.0
470,The New York Times,Sun Dec 24 21:15:05 +0000 2017,"The demolition of schools for migrant children has driven 15,000 students out of their classrooms https://t.co/iBdm2kvVGJ",71,0.0,1.0,0.0,0.0
471,The New York Times,Sun Dec 24 21:00:11 +0000 2017,"Navigation apps like Waze are bringing bumper-to-bumper traffic to quiet neighborhoods, forcing towns to grapple wi… https://t.co/dKMhrLrxEi",72,0.135,0.865,0.0,0.3612
472,The New York Times,Sun Dec 24 20:45:10 +0000 2017,"In the wake of extraordinary turnout among black voters, questions remain about the role and impact of voting restr… https://t.co/JQaMQxy1iF",73,0.0,1.0,0.0,0.0
473,The New York Times,Sun Dec 24 20:30:13 +0000 2017,"The actor Billy Crudup explains how he becomes 19 characters in David Cale’s play “Harry Clarke"" https://t.co/sWdbTHBpKZ",74,0.13,0.87,0.0,0.34
474,The New York Times,Sun Dec 24 20:15:12 +0000 2017,Watch: A blind Syrian refugee finds his way in New York #Daily360 https://t.co/DVcbARbguH https://t.co/uhq5qhvOoY,75,0.0,0.816,0.184,-0.4019
475,The New York Times,Sun Dec 24 20:00:11 +0000 2017,"“All the Money in the World,"" starring Christopher Plummer (replacing Kevin Spacey), is a critic's pick https://t.co/4TJJfYen9x",76,0.0,1.0,0.0,0.0
476,The New York Times,Sun Dec 24 19:45:05 +0000 2017,A New York Times investigation has found 4 settlements involving allegations of sexual harassment or defamation aga… https://t.co/Yd8nQKTSTr,77,0.0,0.811,0.189,-0.5423
477,The New York Times,Sun Dec 24 19:30:10 +0000 2017,"“Within the male-dominated Vatican, to give such a prominent role to a woman was very good news"" https://t.co/VodqcjwCyt",78,0.282,0.718,0.0,0.6697
478,The New York Times,Sun Dec 24 19:15:12 +0000 2017,The latest campaign of gang rape against the Rohingya has been so brutal and systematic that a UN representative ca… https://t.co/U0vLd2QNjw,79,0.0,0.644,0.356,-0.8988
479,The New York Times,Sun Dec 24 19:00:22 +0000 2017,"Whatever kind of Christmas Eve you want, it’s probably on television tonight https://t.co/UqcLVGWQlV",80,0.098,0.902,0.0,0.0772
480,The New York Times,Sun Dec 24 22:15:03 +0000 2017,Democrats are contesting virtually every Republican-held House seat in 2018 https://t.co/JbNG1BhpQ6,81,0.0,1.0,0.0,0.0
481,The New York Times,Sun Dec 24 22:05:03 +0000 2017,Every Who down in Whoville liked Christmas a lot / But their toys were all purchased and resold by a bot https://t.co/BIQUbibbRq,82,0.135,0.865,0.0,0.4215
482,The New York Times,Sun Dec 24 22:00:11 +0000 2017,And read how New York Times journalists were able to document this experience without climbing the mountain: https://t.co/wpy7wIc0HW,83,0.0,1.0,0.0,0.0
483,The New York Times,Sun Dec 24 21:59:29 +0000 2017,Read the full story here: https://t.co/CuFZWN5diK,84,0.0,1.0,0.0,0.0
484,The New York Times,Sun Dec 24 21:58:39 +0000 2017,"""These men undoubtedly did not want to die, but this was an opportunity to be more than someone who made a few hund… https://t.co/iX4AVZVY2k",85,0.215,0.744,0.041,0.687
485,The New York Times,Sun Dec 24 21:57:17 +0000 2017,"Another reader said it was a ""heart-rending and inspiring story of indomitable human spirit,"" and that we all take… https://t.co/Xrm4FLdVPb",86,0.135,0.865,0.0,0.4215
486,The New York Times,Sun Dec 24 21:55:50 +0000 2017,"Readers debated what motivated climbers to attempt such a feat. One considered climbing Mount Everest an ""egotistic… https://t.co/ryYxmv6Xbz",87,0.158,0.842,0.0,0.4588
487,The New York Times,Sun Dec 24 21:54:52 +0000 2017,"In today's paper, a 16-page special section documents the vivid and solemn journey to recover the bodies of those w… https://t.co/RLFPku9TWI",88,0.123,0.818,0.059,0.34
488,The New York Times,Sun Dec 24 21:45:09 +0000 2017,Every generation had its must-have toys. Here are some stories behind them. https://t.co/fwvHO4h51F,89,0.0,1.0,0.0,0.0
489,The New York Times,Sun Dec 24 21:30:06 +0000 2017,"He's 83. She's 80. They were traveling with 60 pounds of marijuana, which they said was intended for Christmas gift… https://t.co/bvcWNEBICl",90,0.0,1.0,0.0,0.0
490,The New York Times,Sun Dec 24 21:15:05 +0000 2017,"The demolition of schools for migrant children has driven 15,000 students out of their classrooms https://t.co/iBdm2kvVGJ",91,0.0,1.0,0.0,0.0
491,The New York Times,Sun Dec 24 21:00:11 +0000 2017,"Navigation apps like Waze are bringing bumper-to-bumper traffic to quiet neighborhoods, forcing towns to grapple wi… https://t.co/dKMhrLrxEi",92,0.135,0.865,0.0,0.3612
492,The New York Times,Sun Dec 24 20:45:10 +0000 2017,"In the wake of extraordinary turnout among black voters, questions remain about the role and impact of voting restr… https://t.co/JQaMQxy1iF",93,0.0,1.0,0.0,0.0
493,The New York Times,Sun Dec 24 20:30:13 +0000 2017,"The actor Billy Crudup explains how he becomes 19 characters in David Cale’s play “Harry Clarke"" https://t.co/sWdbTHBpKZ",94,0.13,0.87,0.0,0.34
494,The New York Times,Sun Dec 24 20:15:12 +0000 2017,Watch: A blind Syrian refugee finds his way in New York #Daily360 https://t.co/DVcbARbguH https://t.co/uhq5qhvOoY,95,0.0,0.816,0.184,-0.4019
495,The New York Times,Sun Dec 24 20:00:11 +0000 2017,"“All the Money in the World,"" starring Christopher Plummer (replacing Kevin Spacey), is a critic's pick https://t.co/4TJJfYen9x",96,0.0,1.0,0.0,0.0
496,The New York Times,Sun Dec 24 19:45:05 +0000 2017,A New York Times investigation has found 4 settlements involving allegations of sexual harassment or defamation aga… https://t.co/Yd8nQKTSTr,97,0.0,0.811,0.189,-0.5423
497,The New York Times,Sun Dec 24 19:30:10 +0000 2017,"“Within the male-dominated Vatican, to give such a prominent role to a woman was very good news"" https://t.co/VodqcjwCyt",98,0.282,0.718,0.0,0.6697
498,The New York Times,Sun Dec 24 19:15:12 +0000 2017,The latest campaign of gang rape against the Rohingya has been so brutal and systematic that a UN representative ca… https://t.co/U0vLd2QNjw,99,0.0,0.644,0.356,-0.8988
499,The New York Times,Sun Dec 24 19:00:22 +0000 2017,"Whatever kind of Christmas Eve you want, it’s probably on television tonight https://t.co/UqcLVGWQlV",100,0.098,0.902,0.0,0.0772
